step,source_step,contact_mode,qp_status,tracking_error_inf,tau_abs_max,max_friction_violation,max_swing_force_norm,FR_f_ref_x,FR_f_qp_x,FR_f_ref_y,FR_f_qp_y,FR_f_ref_z,FR_f_qp_z,FL_f_ref_x,FL_f_qp_x,FL_f_ref_y,FL_f_qp_y,FL_f_ref_z,FL_f_qp_z,RR_f_ref_x,RR_f_qp_x,RR_f_ref_y,RR_f_qp_y,RR_f_ref_z,RR_f_qp_z,RL_f_ref_x,RL_f_qp_x,RL_f_ref_y,RL_f_qp_y,RL_f_ref_z,RL_f_qp_z,FR_stance,FL_stance,RR_stance,RL_stance
0,0,FR_RL,solved,1.72920530426e-11,19.4425094473,0,2.82066389505e-39,47.3648438734,47.3648438734,0,0,78.9414064797,78.9414064797,-1.72920530426e-11,2.77446792014e-39,0,0,3.16868592556e-12,-5.08401975763e-40,-1.72920530426e-11,2.77446792014e-39,0,0,3.16868592543e-12,-5.08401975763e-40,47.3648438734,47.3648438734,0,0,78.9414064797,78.9414064797,True,False,False,True
1,1,FR_RL,solved,2.67784596732e-11,16.3785985638,0,6.32997524471e-39,39.9007013973,39.9007013973,0,0,66.5011690117,66.5011690117,-8.17270080751e-12,1.84757602936e-39,0,0,-2.67784596731e-11,6.05434136917e-39,-8.17270080751e-12,1.84757602936e-39,0,0,-2.67784596732e-11,6.05434136917e-39,39.9007013973,39.9007013973,0,0,66.5011690117,66.5011690117,True,False,False,True
2,2,FR_RL,solved,1.25427939591e-11,11.4404220703,0,4.1170268868e-39,16.8620078056,16.8620078056,0,0,55.1868052408,55.1868052408,2.30562756836e-19,-7.569243362e-47,0,0,-1.25427939591e-11,4.1170268868e-39,2.30562756836e-19,-7.569243362e-47,0,0,-1.25427939256e-11,4.1170268868e-39,16.8620078056,16.8620078056,0,0,55.1868052408,55.1868052408,True,False,False,True
3,3,FR_RL,solved,2.78526580193e-11,9.3549451225,0,9.59548879987e-39,2.76652322031,2.76652322031,0,0,53.8730780505,53.8730780505,1.1937426317e-20,-4.11225360495e-48,0,0,-2.78526580088e-11,9.59361430043e-39,1.1937426317e-20,-4.11225360495e-48,0,0,-2.78526580193e-11,9.59548879987e-39,2.76652322031,2.76652322031,0,0,53.8730780505,53.8730780505,True,False,False,True
4,4,FR_RL,solved,4.75751532249e-11,9.16458037825,0,1.53693791989e-38,-0.887214885215,-0.887214885215,0,0,55.631563323,55.631563323,-4.98383438536e-19,1.60991092908e-46,0,0,-4.75751532231e-11,1.53693791989e-38,-4.98383438536e-19,1.60991092908e-46,0,0,-4.75751532249e-11,1.53693791989e-38,-0.887214885216,-0.887214885216,0,0,55.631563323,55.631563323,True,False,False,True
5,5,FR_RL,solved,3.85466207545e-11,9.56991500663,0,1.14663670214e-38,-0.778186248683,-0.778186248683,0,0,57.9743989464,57.9743989464,1.51100611633e-19,-4.49470032135e-47,0,0,-3.85466207544e-11,1.14663670214e-38,1.51100611633e-19,-4.49470032135e-47,0,0,-3.85466207545e-11,1.14663670214e-38,-0.778186248683,-0.778186248683,0,0,57.9743989464,57.9743989464,True,False,False,True
6,6,FR_RL,solved,8.74893469006e-12,10.0883406255,0,2.37722128478e-39,-0.251692169034,-0.251692169034,0,0,60.6637603095,60.6637603095,-1.200023963e-20,3.26010809935e-48,0,0,-8.74893468559e-12,2.37722128478e-39,-1.200023963e-20,3.26010809935e-48,0,0,-8.74893469006e-12,2.37722128478e-39,-0.251692169035,-0.251692169035,0,0,60.6637603095,60.6637603095,True,False,False,True
7,7,FR_RL,solved,1.80279536351e-09,10.5302107099,0,4.52296998831e-37,-0.0173311512791,-0.0173311512791,0,0,63.1261119404,63.1261119404,2.48911894622e-19,-6.24487872545e-47,0,0,-1.80279536351e-09,4.52296998831e-37,2.48911894622e-19,-6.24487872545e-47,0,0,-1.80279536349e-09,4.52296998831e-37,-0.0173311512795,-0.0173311512795,0,0,63.1261119404,63.1261119404,True,False,False,True
8,8,FR_RL,solved,1.67688872124e-09,10.2632367433,0,4.43345061431e-37,0.0250574294748,0.0250574294748,0,0,61.4923776042,61.4923776042,6.55585559894e-19,-1.73349337023e-46,0,0,-1.67688872123e-09,4.43345061431e-37,6.55585559894e-19,-1.73349337023e-46,0,0,-1.67688872124e-09,4.43345061431e-37,0.0250574294745,0.0250574294745,0,0,61.4923776042,61.4923776042,True,False,False,True
9,9,FR_RL,solved,1.20867763706e-11,7.61471626386,0,5.80335046596e-39,0.0142064987999,0.0142064987999,0,0,45.6271963517,45.6271963517,-2.06055767536e-20,9.89281752914e-48,0,0,1.20867758109e-11,-5.80335046596e-39,-4.30517630297e-22,2.06722713555e-49,0,0,1.20867763706e-11,-5.80335042217e-39,0.0142064987998,0.0142064987998,0,0,45.6271963517,45.6271963517,True,False,False,True
10,10,FL_RR,solved,6.9904380369e-11,7.61559440512,0,3.35452870197e-38,-9.99550137568e-20,4.79598948513e-47,0,0,-6.99043800706e-11,3.35408620695e-38,0.00071374814841,0.00071374814841,0,0,45.6431666407,45.6431666407,0.000713748148397,0.000713748148397,0,0,45.6431666407,45.6431666407,-9.99074186721e-20,4.79351809131e-47,0,0,-6.9904380369e-11,3.35452870197e-38,False,True,True,False
11,11,FL_RR,solved,1.11853196221e-09,10.2282523183,0,2.97638571196e-37,-1.34349900274e-19,3.57478289751e-47,0,0,-1.1185319622e-09,2.97638571196e-37,0.000336680227661,0.000336680227661,0,0,61.3023171573,61.3023171573,0.000336680227661,0.000336680227661,0,0,61.3023171573,61.3023171573,-1.34349900274e-19,3.57478289751e-47,0,0,-1.11853196221e-09,2.97638571196e-37,False,True,True,False
12,12,FL_RR,solved,5.32961884614e-10,10.5391954636,0,1.33536910919e-37,-3.438872348e-19,8.61773587448e-47,0,0,-5.32961884609e-10,1.33536910919e-37,6.6021636969e-05,6.6021636969e-05,0,0,63.1661561232,63.1661561232,6.60216369511e-05,6.60216369511e-05,0,0,63.1661561232,63.1661561232,-3.438872348e-19,8.61773587448e-47,0,0,-5.32961884614e-10,1.33536910919e-37,False,True,True,False
13,13,FL_RR,solved,2.61527264826e-11,10.2017624748,0,6.9939746976e-39,-1.53292611386e-19,4.09947630024e-47,0,0,-2.61527264826e-11,6.9939746976e-39,-1.26282062032e-05,-1.26282062032e-05,0,0,61.1438286292,61.1438286292,-1.2628206231e-05,-1.2628206231e-05,0,0,61.1438286292,61.1438286292,-1.53292611386e-19,4.09947630024e-47,0,0,-2.61527264803e-11,6.9939746976e-39,False,True,True,False
14,14,FL_RR,solved,6.43811832458e-11,9.93036579241,0,1.81728298687e-38,1.91510593815e-19,-5.40505696697e-47,0,0,-6.43811832458e-11,1.81728298687e-38,-1.45401946857e-05,-1.45401946857e-05,0,0,59.5172259633,59.5172259633,-1.45401946704e-05,-1.45401946704e-05,0,0,59.5172259633,59.5172259633,1.91510593815e-19,-5.40505696697e-47,0,0,-6.43811832417e-11,1.81728298687e-38,False,True,True,False
15,15,FL_RR,solved,5.04719401249e-11,9.93447437928,0,1.42335139891e-38,-5.87275228755e-20,1.65577525829e-47,0,0,-5.04719401249e-11,1.42335139891e-38,-5.21705306045e-06,-5.21705306045e-06,0,0,59.5418432012,59.5418432012,-5.2170530487e-06,-5.2170530487e-06,0,0,59.5418432012,59.5418432012,-5.87275228755e-20,1.65577525829e-47,0,0,-5.04719401238e-11,1.42335139891e-38,False,True,True,False
16,16,FL_RR,solved,1.1839954736e-11,10.2220082055,0,3.15391230654e-39,6.50689143181e-20,-1.73353455469e-47,0,0,-1.18399547328e-11,3.15391228464e-39,-5.70643799046e-07,-5.70643799046e-07,0,0,61.2651609651,61.2651609651,-5.70644089263e-07,-5.70644089263e-07,0,0,61.2651609651,61.2651609651,6.50689143181e-20,-1.73353455469e-47,0,0,-1.1839954736e-11,3.15391230654e-39,False,True,True,False
17,17,FL_RR,solved,1.8353875204e-09,10.5966336758,0,4.54953255359e-37,-7.05312985656e-20,1.7480806329e-47,0,0,-1.8353875204e-09,4.54953249754e-37,4.09630026696e-07,4.09630026696e-07,0,0,63.5104616102,63.5104616102,4.09629624305e-07,4.09629624305e-07,0,0,63.5104616102,63.5104616102,-7.05313482792e-20,1.7480806329e-47,0,0,-1.8353875204e-09,4.54953255359e-37,False,True,True,False
18,18,FL_RR,solved,1.69130572259e-09,10.3248155831,0,4.41551954311e-37,4.01783093857e-21,-1.04893685104e-48,0,0,-1.69130572259e-09,4.41551954311e-37,2.69857772307e-07,2.69857772307e-07,0,0,61.8813318336,61.8813318336,2.69857768178e-07,2.69857768178e-07,0,0,61.8813318336,61.8813318336,4.02410400184e-21,-1.05045617643e-48,0,0,-1.69130572259e-09,4.41551954311e-37,False,True,True,False
19,19,FL_RR,solved,4.5570312871e-11,7.66263598643,0,2.15946185498e-38,4.78121758148e-20,-2.26577373794e-47,0,0,4.5570312871e-11,-2.15946185498e-38,7.86651708446e-08,7.86651708446e-08,0,0,45.9256746406,45.9256746406,7.86652276867e-08,7.86652276867e-08,0,0,45.9256746406,45.9256746406,-1.12027914e-20,5.30829619602e-48,0,0,4.55703128053e-11,-2.15946185498e-38,False,True,True,False
20,20,FR_RL,solved,1.31241095828e-10,7.67130250005,0,6.20545238592e-38,-1.56437590892e-08,-1.56437590892e-08,0,0,45.977617087,45.977617087,5.20392788834e-20,-2.4607114014e-47,0,0,-1.31241095828e-10,6.20545231585e-38,5.20392788834e-20,-2.4607114014e-47,0,0,-1.31241095777e-10,6.20545238592e-38,-1.56437555355e-08,-1.56437555355e-08,0,0,45.977617087,45.977617087,True,False,False,True
21,21,FR_RL,solved,1.12230575381e-09,10.3016138584,0,2.94315484374e-37,-7.38359399314e-09,-7.38359399314e-09,0,0,61.742273528,61.742273528,3.82705615978e-19,-1.00370303142e-46,0,0,-1.12230575381e-09,2.94315484374e-37,3.82705615978e-19,-1.00370303142e-46,0,0,-1.12230575381e-09,2.94315484374e-37,-7.38361237037e-09,-7.38361237037e-09,0,0,61.742273528,61.742273528,True,False,False,True
22,22,FR_RL,solved,5.45331810348e-10,10.6095266991,0,1.34836690915e-37,-1.45336117419e-09,-1.45336117419e-09,0,0,63.5877357096,63.5877357096,1.25439365145e-19,-3.10155868207e-47,0,0,-5.45331810348e-10,1.34836690915e-37,1.25439365145e-19,-3.10155868207e-47,0,0,-5.45331810238e-10,1.34836690915e-37,-1.45341505591e-09,-1.45341505591e-09,0,0,63.5877357096,63.5877357096,True,False,False,True
23,23,FR_RL,solved,2.87349970592e-11,10.2636154632,0,7.59189508967e-39,2.70060840893e-10,2.70060840893e-10,0,0,61.5145317973,61.5145317973,-1.69236848177e-19,4.47156606154e-47,0,0,-2.87349970579e-11,7.59189508967e-39,-1.69236848177e-19,4.47156606154e-47,0,0,-2.87349970592e-11,7.59189508967e-39,2.70133321098e-10,2.70133321098e-10,0,0,61.5145317973,61.5145317973,True,False,False,True
24,24,FR_RL,solved,8.2157047343e-11,9.9841763459,0,2.29369997705e-38,3.11999756268e-10,3.11999756268e-10,0,0,59.839725631,59.839725631,1.40457429584e-19,-3.92166207975e-47,0,0,-8.2157047341e-11,2.29369997705e-38,1.40457429584e-19,-3.92166207975e-47,0,0,-8.2157047343e-11,2.29369997705e-38,3.11968365692e-10,3.11968365692e-10,0,0,59.839725631,59.839725631,True,False,False,True
25,25,FR_RL,solved,6.07225976986e-11,9.98409449523,0,1.69515189085e-38,1.08075499754e-10,1.08075499754e-10,0,0,59.8392350627,59.8392350627,6.92001780615e-21,-1.9317799684e-48,0,0,-6.07225976986e-11,1.69515189085e-38,6.92001780615e-21,-1.9317799684e-48,0,0,-6.07225976928e-11,1.69515189085e-38,1.0754111158e-10,1.0754111158e-10,0,0,59.8392350627,59.8392350627,True,False,False,True
26,26,FR_RL,solved,1.18999205954e-11,10.2693675513,0,3.14060603612e-39,6.14937548225e-12,6.14937548225e-12,0,0,61.5490066868,61.5490066868,4.05792751912e-20,-1.07098031037e-47,0,0,-1.18999205906e-11,3.14060603612e-39,4.05792751912e-20,-1.07098031037e-47,0,0,-1.18999205954e-11,3.14060603612e-39,6.13890932242e-12,6.13890932242e-12,0,0,61.5490066868,61.5490066868,True,False,False,True
27,27,FR_RL,solved,1.86317350853e-09,10.6417859855,0,4.5788648133e-37,-1.50199905462e-11,-1.50199905462e-11,0,0,63.7810803351,63.7810803351,7.98004894864e-20,-1.96149445127e-47,0,0,-1.86317350851e-09,4.5788648133e-37,7.98004957344e-20,-1.96149445127e-47,0,0,-1.86317350853e-09,4.5788648133e-37,-1.5017018151e-11,-1.5017018151e-11,0,0,63.7810803351,63.7810803351,True,False,False,True
28,28,FR_RL,solved,1.70603728725e-09,10.3655296538,0,4.4195064054e-37,-1.21493800073e-11,-1.21493800073e-11,0,0,62.1253500555,62.1253500555,1.7529171311e-20,-4.5417383375e-48,0,0,-1.70603728725e-09,4.4195064054e-37,1.75659335906e-20,-4.55081866572e-48,0,0,-1.70603728725e-09,4.4195064054e-37,-1.19630620498e-11,-1.19630620498e-11,0,0,62.1253500555,62.1253500555,True,False,False,True
29,29,FR_RL,solved,1.74193868083e-14,7.69610144954,0,8.18424452537e-42,-2.42573427403e-06,-2.42573427403e-06,0,0,46.1262504221,46.1262504221,-4.88088561597e-17,2.29337919014e-44,0,0,1.74193868083e-14,-8.18421239291e-42,-4.88088561597e-17,2.29337920684e-44,0,0,1.74193868083e-14,-8.18421239291e-42,-2.42573418607e-06,-2.42573418607e-06,0,0,46.1262504221,46.1262504221,True,False,False,True
30,30,FL_RR,solved,7.7113610565e-14,7.70009460869,0,3.61926471283e-41,-4.25063732981e-17,1.99518661586e-44,0,0,7.7113610565e-14,-3.61926416289e-41,2.8769015923e-07,2.8769015923e-07,0,0,46.1501810941,46.1501810941,2.8769015923e-07,2.8769015923e-07,0,0,46.1501810941,46.1501810941,-4.25063732981e-17,1.99518661586e-44,0,0,7.7113610565e-14,-3.61926416289e-41,False,True,True,False
31,31,FL_RR,solved,1.12073851509e-09,10.3291402858,0,2.92331402694e-37,2.3158924705e-19,-6.04092759367e-47,0,0,-1.12073851508e-09,2.92331402694e-37,1.4448617948e-06,1.4448617948e-06,0,0,61.9072508182,61.9072508182,1.44486185908e-06,1.44486185908e-06,0,0,61.9072508182,61.9072508182,2.3158924705e-19,-6.04092759367e-47,0,0,-1.12073851509e-09,2.92331402694e-37,False,True,True,False
32,32,FL_RR,solved,5.49577895292e-10,10.6364247984,0,1.35205373942e-37,1.03175251975e-21,-2.53818558176e-49,0,0,-5.4957789529e-10,1.35205373942e-37,6.44145574525e-07,6.44145574525e-07,0,0,63.7489477828,63.7489477828,6.44145624214e-07,6.44145624214e-07,0,0,63.7489477828,63.7489477828,1.03175251975e-21,-2.53818558176e-49,0,0,-5.49577895292e-10,1.35205372541e-37,False,True,True,False
33,33,FL_RR,solved,3.15440568644e-11,10.2891291899,0,8.29339114401e-39,-1.13586949481e-20,2.9863871153e-48,0,0,-3.15440568644e-11,8.29339114401e-39,1.16000172473e-07,1.16000172473e-07,0,0,61.6674471139,61.6674471139,1.16000365093e-07,1.16000365093e-07,0,0,61.6674471139,61.6674471139,-1.13586949481e-20,2.9863871153e-48,0,0,-3.15440568615e-11,8.29339114401e-39,False,True,True,False
34,34,FL_RR,solved,1.04434061918e-10,10.0070207421,0,2.90249528598e-38,-3.82614952344e-20,1.06345589207e-47,0,0,-1.04434061918e-10,2.90249528598e-38,-2.90305345746e-08,-2.90305345746e-08,0,0,59.9766425466,59.9766425466,-2.90305337504e-08,-2.90305337504e-08,0,0,59.9766425466,59.9766425466,-3.82614952344e-20,1.06345589207e-47,0,0,-1.04434061918e-10,2.90249528598e-38,False,True,True,False
35,35,FL_RR,solved,7.2988614935e-11,10.0065139354,0,2.02902170716e-38,-9.92468428846e-20,2.7584783037e-47,0,0,-7.2988614935e-11,2.02902170716e-38,-2.87794092181e-08,-2.87794092181e-08,0,0,59.9736050231,59.9736050231,-2.87793704446e-08,-2.87793704446e-08,0,0,59.9736050231,59.9736050231,-9.92468428846e-20,2.7584783037e-47,0,0,-7.29886149275e-11,2.02902170716e-38,False,True,True,False
36,36,FL_RR,solved,1.38742109554e-11,10.2913393476,0,3.64578821118e-39,-2.22343294657e-20,5.8426877591e-48,0,0,-1.38742109553e-11,3.64578821118e-39,-9.80384458339e-09,-9.80384458339e-09,0,0,61.680693698,61.680693698,-9.80380076193e-09,-9.80380076193e-09,0,0,61.680693698,61.680693698,-2.22343294657e-20,5.8426877591e-48,0,0,-1.38742109554e-11,3.64578821118e-39,False,True,True,False
37,37,FL_RR,solved,1.87630794341e-09,10.6626928503,0,4.59314567016e-37,3.85998733092e-19,-9.45015852498e-47,0,0,-1.87630794341e-09,4.59314567016e-37,-8.78090463542e-10,-8.78090463542e-10,0,0,63.9063847187,63.9063847187,-8.78021626132e-10,-8.78021626132e-10,0,0,63.9063847187,63.9063847187,3.85998729912e-19,-9.45015852498e-47,0,0,-1.87630794341e-09,4.59314567016e-37,False,True,True,False
38,38,FL_RR,solved,1.71296244237e-09,10.384156237,0,4.42144580247e-37,2.89777616184e-21,-7.47982916627e-49,0,0,-1.71296244236e-09,4.42144580247e-37,8.75668570467e-10,8.75668570467e-10,0,0,62.2369876693,62.2369876693,8.7565497909e-10,8.7565497909e-10,0,0,62.2369876693,62.2369876693,2.89232796069e-21,-7.46566640076e-49,0,0,-1.71296244237e-09,4.42144580247e-37,False,True,True,False
39,39,FL_RR,solved,1.74140962203e-14,7.70886296739,0,8.15470982247e-42,-4.9162776333e-17,2.30250315691e-44,0,0,1.74140962203e-14,-8.15467731652e-42,-2.44291618604e-06,-2.44291618604e-06,0,0,46.2027360366,46.2027360366,-2.44291619245e-06,-2.44291619245e-06,0,0,46.2027360366,46.2027360366,-4.9162776333e-17,2.30250315691e-44,0,0,1.74140962203e-14,-8.15467731652e-42,False,True,True,False
40,40,FR_RL,solved,7.72179986901e-14,7.71129550887,0,3.61358620923e-41,2.89837883599e-07,2.89837883599e-07,0,0,46.2173131993,46.2173131993,-4.28112565567e-17,2.003121052e-44,0,0,7.72179986901e-14,-3.61358565403e-41,-4.28112565567e-17,2.003121052e-44,0,0,7.72179986901e-14,-3.61358565403e-41,2.89837883599e-07,2.89837883599e-07,0,0,46.2173131993,46.2173131993,True,False,False,True
41,41,FR_RL,solved,1.12076358431e-09,10.3435637115,0,2.91507111293e-37,1.45542460564e-06,1.45542460564e-06,0,0,61.993696983,61.993696983,2.05967380011e-19,-5.35852293271e-47,0,0,-1.12076358428e-09,2.91507111293e-37,2.05967380011e-19,-5.35852293271e-47,0,0,-1.12076358431e-09,2.91507111293e-37,1.45542460739e-06,1.45542460739e-06,0,0,61.993696983,61.993696983,True,False,False,True
42,42,FR_RL,solved,5.51824797629e-10,10.6503698495,0,1.35408019917e-37,6.48848887276e-07,6.48848887276e-07,0,0,63.8325268348,63.8325268348,-2.78897962722e-20,6.84335049946e-48,0,0,-5.51824797629e-10,1.35408019917e-37,-2.78897962722e-20,6.84335049946e-48,0,0,-5.51824797625e-10,1.35408019917e-37,6.48848865711e-07,6.48848865711e-07,0,0,63.8325268348,63.8325268348,True,False,False,True
43,43,FR_RL,solved,3.15543250367e-11,10.3015593916,0,8.27521420098e-39,1.16845640299e-07,1.16845640299e-07,0,0,61.7419469851,61.7419469851,6.93791173504e-20,-1.81974677944e-47,0,0,-3.15543250326e-11,8.27521420098e-39,6.93791173504e-20,-1.81974677944e-47,0,0,-3.15543250367e-11,8.27521420098e-39,1.16845639159e-07,1.16845639159e-07,0,0,61.7419469851,61.7419469851,True,False,False,True
44,44,FR_RL,solved,1.22283276985e-10,10.0169785892,0,3.39128777348e-38,-2.92431267708e-08,-2.92431267708e-08,0,0,60.0363244695,60.0363244695,-1.30520072551e-19,3.62067712567e-47,0,0,-1.22283276984e-10,3.39128777348e-38,-1.30520072551e-19,3.62067712567e-47,0,0,-1.22283276985e-10,3.39128773845e-38,-2.92432391358e-08,-2.92432391358e-08,0,0,60.0363244695,60.0363244695,True,False,False,True
45,45,FR_RL,solved,8.00376039933e-11,10.0166450979,0,2.22035191663e-38,-2.89896125961e-08,-2.89896125961e-08,0,0,60.0343257035,60.0343257035,5.14679918689e-20,-1.42764663365e-47,0,0,-8.00376039933e-11,2.22035191663e-38,5.14679918689e-20,-1.42764663365e-47,0,0,-8.00376039907e-11,2.22035188159e-38,-2.89899677701e-08,-2.89899677701e-08,0,0,60.0343257035,60.0343257035,True,False,False,True
46,46,FR_RL,solved,1.38880689013e-11,10.3014350687,0,3.64221739616e-39,-9.87527772713e-09,-9.87527772713e-09,0,0,61.7412019623,61.7412019623,3.53370841849e-23,-9.26778128703e-51,0,0,-1.38880689013e-11,3.64221739616e-39,3.53370841849e-23,-9.26778128703e-51,0,0,-1.38880688991e-11,3.64221739616e-39,-9.87525819922e-09,-9.87525819922e-09,0,0,61.7412019623,61.7412019623,True,False,False,True
47,47,FR_RL,solved,1.88231206406e-09,10.6721791829,0,4.60017693744e-37,-8.84154632071e-10,-8.84154632071e-10,0,0,63.9632406392,63.9632406392,-5.40121774983e-20,1.31986532493e-47,0,0,-1.88231206405e-09,4.60017693744e-37,-5.40121773726e-20,1.31986532493e-47,0,0,-1.88231206406e-09,4.60017693744e-37,-8.84158591675e-10,-8.84158591675e-10,0,0,63.9632406392,63.9632406392,True,False,False,True
48,48,FR_RL,solved,1.71611112424e-09,10.3925372986,0,4.42203137707e-37,8.82379630777e-10,8.82379630777e-10,0,0,62.2872191966,62.2872191966,-8.2127113197e-20,2.11658943762e-47,0,0,-1.71611112424e-09,4.42203137707e-37,-8.2128139402e-20,2.11628746284e-47,0,0,-1.71611112424e-09,4.42203137707e-37,8.82404286209e-10,8.82404286209e-10,0,0,62.2872191966,62.2872191966,True,False,False,True
49,49,FR_RL,solved,1.26532986089e-10,7.70550423902,0,5.93053906709e-38,5.2689428455e-10,5.2689428455e-10,0,0,46.1826037055,46.1826037055,1.86606044494e-19,-8.74568025981e-47,0,0,1.26532986089e-10,-5.93053906709e-38,1.83429269062e-19,-8.5958748647e-47,0,0,1.26532985452e-10,-5.92966444665e-38,5.2689450502e-10,5.2689450502e-10,0,0,46.1826037055,46.1826037055,True,False,False,True
50,50,FL_RR,solved,2.65130388491e-10,7.71001024482,0,1.24115633121e-37,-1.66141032795e-19,7.77717414647e-47,0,0,-2.65130388359e-10,1.24115633121e-37,3.07446963801e-11,3.07446963801e-11,0,0,46.2096102552,46.2096102552,3.05971465506e-11,3.05971465506e-11,0,0,46.2096102552,46.2096102552,-1.66141032796e-19,7.77717421172e-47,0,0,-2.65130388491e-10,1.24115633121e-37,False,True,True,False
51,51,FL_RR,solved,1.12358480497e-09,10.3575692089,0,2.91529504042e-37,-2.79277756327e-19,7.24570630315e-47,0,0,-1.12358480455e-09,2.91529504042e-37,1.01624921411e-11,1.01624921411e-11,0,0,62.077639476,62.077639476,1.01601631034e-11,1.01601631034e-11,0,0,62.077639476,62.077639476,-2.79277756327e-19,7.24570630315e-47,0,0,-1.12358480497e-09,2.91529504042e-37,False,True,True,False
52,52,FL_RR,solved,5.5484094277e-10,10.6633521066,0,1.35799290474e-37,2.84971356687e-19,-6.97566682247e-47,0,0,-5.5484094277e-10,1.35799290474e-37,-3.50310964894e-12,-3.50310964894e-12,0,0,63.9103359415,63.9103359415,-3.50028402682e-12,-3.50028402682e-12,0,0,63.9103359415,63.9103359415,2.84971356687e-19,-6.97566682247e-47,0,0,-5.5484094276e-10,1.35799290474e-37,False,True,True,False
53,53,FL_RR,solved,3.1546492151e-11,10.3102961419,0,8.25840369912e-39,4.08242099539e-20,-1.06886146244e-47,0,0,-3.15464921509e-11,8.25840361154e-39,-7.22292927499e-12,-7.22292927499e-12,0,0,61.7943104102,61.7943104102,-7.21464209546e-12,-7.21464209546e-12,0,0,61.7943104102,61.7943104102,4.08242099539e-20,-1.06886146244e-47,0,0,-3.1546492151e-11,8.25840369912e-39,False,True,True,False
54,54,FL_RR,solved,1.32212538783e-10,10.0220465823,0,3.66385938245e-38,8.95182325484e-20,-2.48060085568e-47,0,0,-1.32212538779e-10,3.66385938245e-38,-7.38596218961e-12,-7.38596218961e-12,0,0,60.0666992421,60.0666992421,-7.38170428957e-12,-7.38170428957e-12,0,0,60.0666992421,60.0666992421,8.95182325484e-20,-2.48060085568e-47,0,0,-1.32212538783e-10,3.66385938245e-38,False,True,True,False
55,55,FL_RR,solved,8.774215494e-11,10.0208100514,0,2.43189233567e-38,3.78959563633e-21,-1.0502134351e-48,0,0,-8.77421549389e-11,2.43189233567e-38,-6.65703621578e-12,-6.65703621578e-12,0,0,60.059288148,60.059288148,-6.68801881068e-12,-6.68801881068e-12,0,0,60.059288148,60.059288148,3.78959563633e-21,-1.0502134351e-48,0,0,-8.774215494e-11,2.43189233567e-38,False,True,True,False
56,56,FL_RR,solved,1.38935411013e-11,10.3057034689,0,3.64070968659e-39,1.71201446851e-19,-4.48619419546e-47,0,0,-1.38935410995e-11,3.64070968659e-39,-6.3896307341e-12,-6.3896307341e-12,0,0,61.7667844246,61.7667844246,-6.37385455961e-12,-6.37385455961e-12,0,0,61.7667844246,61.7667844246,1.71201446851e-19,-4.48619419546e-47,0,0,-1.38935411013e-11,3.64070968659e-39,False,True,True,False
57,57,FL_RR,solved,1.88490197545e-09,10.6762463869,0,4.6024642489e-37,-1.1341073017e-19,2.76950110902e-47,0,0,-1.88490197544e-09,4.6024642489e-37,-5.47138297667e-12,-5.47138297667e-12,0,0,63.9876172485,63.9876172485,-5.47820637068e-12,-5.47820637068e-12,0,0,63.9876172485,63.9876172485,-1.13410724132e-19,2.76950110902e-47,0,0,-1.88490197545e-09,4.6024642489e-37,False,True,True,False
58,58,FL_RR,solved,1.71747146865e-09,10.3961478321,0,4.42308896505e-37,6.7897534668e-21,-1.74849992858e-48,0,0,-1.71747146865e-09,4.42308896505e-37,-5.58253396506e-12,-5.58253396506e-12,0,0,62.3088587724,62.3088587724,-5.56281138581e-12,-5.56281138581e-12,0,0,62.3088587724,62.3088587724,6.78572575189e-21,-1.74736823687e-48,0,0,-1.71747146865e-09,4.42308896505e-37,False,True,True,False
59,59,FL_RR,solved,1.0986533216e-10,7.70866789111,0,5.14514995367e-38,-1.65892875228e-20,7.76896501981e-48,0,0,1.0986533216e-10,-5.14514995367e-38,-1.01749627246e-11,-1.01749627246e-11,0,0,46.2015649168,46.2015649168,-1.00851089009e-11,-1.00851089009e-11,0,0,46.2015649168,46.2015649168,-3.79780397987e-20,1.77840830679e-47,0,0,1.09865331568e-10,-5.1451498836e-38,False,True,True,False
60,60,FR_RL,solved,2.43308325476e-10,7.71257613635,0,1.1382073261e-37,-4.69055238693e-12,-4.69055238693e-12,0,0,46.2249888143,46.2249888143,-9.11291672699e-20,4.26227713283e-47,0,0,-2.43308324898e-10,1.1382073261e-37,-9.11291672699e-20,4.26227713283e-47,0,0,-2.43308325476e-10,1.1382073261e-37,-4.9729611536e-12,-4.9729611536e-12,0,0,46.2249888143,46.2249888143,True,False,False,True
61,61,FR_RL,solved,1.12338336283e-09,10.3597952899,0,2.91258756363e-37,-6.50024723127e-12,-6.50024723127e-12,0,0,62.0909813958,62.0909813958,1.8819411917e-19,-4.88011012141e-47,0,0,-1.12338336283e-09,2.91258756363e-37,1.8819411917e-19,-4.88011012141e-47,0,0,-1.12338336283e-09,2.91258756363e-37,-6.58910920275e-12,-6.58910920275e-12,0,0,62.0909813958,62.0909813958,True,False,False,True
62,62,FR_RL,solved,5.55096059102e-10,10.6655575248,0,1.35821763097e-37,-6.78454417659e-12,-6.78454417659e-12,0,0,63.9235540197,63.9235540197,-1.62438602423e-21,3.97453685024e-49,0,0,-5.55096059101e-10,1.35821763097e-37,-1.62438602423e-21,3.97453685024e-49,0,0,-5.55096059102e-10,1.35821763097e-37,-6.79639277561e-12,-6.79639277561e-12,0,0,63.9235540196,63.9235540196,True,False,False,True
63,63,FR_RL,solved,3.1549656907e-11,10.3124682743,0,8.25666547595e-39,-6.5603458237e-12,-6.5603458237e-12,0,0,61.807328991,61.807328991,-2.72447312653e-20,7.12982074573e-48,0,0,-3.1549656907e-11,8.25666547595e-39,-2.72447312653e-20,7.12982074573e-48,0,0,-3.15496569039e-11,8.25666547595e-39,-6.59543685576e-12,-6.59543685576e-12,0,0,61.807328991,61.807328991,True,False,False,True
64,64,FR_RL,solved,1.42872880085e-10,10.0234104915,0,3.95844665146e-38,-6.6014637723e-12,-6.6014637723e-12,0,0,60.0748737723,60.0748737723,6.05860793822e-19,-1.67846610408e-46,0,0,-1.42872880085e-10,3.9584465814e-38,6.05860793822e-19,-1.67846610408e-46,0,0,-1.42872880085e-10,3.95844665146e-38,-6.64986655e-12,-6.64986655e-12,0,0,60.0748737723,60.0748737723,True,False,False,True
65,65,FR_RL,solved,8.77573157838e-11,10.0230175861,0,2.43135709221e-38,-6.60805727796e-12,-6.60805727796e-12,0,0,60.0725189111,60.0725189111,-3.30616676394e-20,9.16049443581e-48,0,0,-8.77573157838e-11,2.43135709221e-38,-3.30616676394e-20,9.16049443581e-48,0,0,-8.77573157835e-11,2.43135709221e-38,-6.43031076193e-12,-6.43031076193e-12,0,0,60.0725189111,60.0725189111,True,False,False,True
66,66,FR_RL,solved,1.38950681555e-11,10.3078903803,0,3.6395292678e-39,-6.5440892996e-12,-6.5440892996e-12,0,0,61.7798915828,61.7798915828,-6.49739588559e-20,1.7020548383e-47,0,0,-1.38950681527e-11,3.6395292678e-39,-6.49739588559e-20,1.7020548383e-47,0,0,-1.38950681555e-11,3.6395292678e-39,-5.79853262841e-12,-5.79853262841e-12,0,0,61.7798915827,61.7798915827,True,False,False,True
67,67,FR_RL,solved,1.88613827944e-09,10.6781977232,0,4.60465246053e-37,-5.52856103235e-12,-5.52856103235e-12,0,0,63.9993124974,63.9993124974,-3.47385457478e-19,8.47975407006e-47,0,0,-1.88613827944e-09,4.60465246053e-37,-3.47385459765e-19,8.47975407006e-47,0,0,-1.88613827931e-09,4.60465246053e-37,-5.14747748934e-12,-5.14747748934e-12,0,0,63.9993124973,63.9993124973,True,False,False,True
68,68,FR_RL,solved,1.71811286313e-09,10.397803415,0,4.42290348918e-37,-5.55220846701e-12,-5.55220846701e-12,0,0,62.3187814363,62.3187814363,1.3790502616e-19,-3.5509082114e-47,0,0,-1.71811286313e-09,4.42290348918e-37,1.37928506196e-19,-3.5509080809e-47,0,0,-1.71811286313e-09,4.42290348918e-37,-5.26025704279e-12,-5.26025704279e-12,0,0,62.3187814363,62.3187814363,True,False,False,True
69,69,FR_RL,solved,1.09862699512e-10,7.70977603426,0,5.14266334954e-38,-1.0774820553e-11,-1.0774820553e-11,0,0,46.2082065245,46.2082065245,-3.49313277585e-19,1.63522531268e-46,0,0,1.09862699512e-10,-5.14266334954e-38,-3.64021727742e-19,1.70422771901e-46,0,0,1.09862699471e-10,-5.14266334954e-38,-1.0655638764e-11,-1.0655638764e-11,0,0,46.2082065245,46.2082065245,True,False,False,True
70,70,FL_RR,solved,2.23160758735e-10,7.71424732566,0,1.04365491541e-37,1.69382267138e-20,-7.92091599212e-48,0,0,-2.23160758492e-10,1.04365491541e-37,-4.67655048378e-12,-4.67655048378e-12,0,0,46.2350050145,46.2350050145,-4.65081259191e-12,-4.65081259191e-12,0,0,46.2350050145,46.2350050145,1.69382267137e-20,-7.92091607369e-48,0,0,-2.23160758735e-10,1.04365491541e-37,False,True,True,False
71,71,FL_RR,solved,1.12331677454e-09,10.3607908169,0,2.91230794854e-37,3.30207959889e-19,-8.562538585e-47,0,0,-1.12331677454e-09,2.91230794854e-37,-6.55024690831e-12,-6.55024690831e-12,0,0,62.096948043,62.096948043,-6.5304567247e-12,-6.5304567247e-12,0,0,62.096948043,62.096948043,3.30207959889e-19,-8.562538585e-47,0,0,-1.12331677454e-09,2.91230792051e-37,False,True,True,False
72,72,FL_RR,solved,5.55180534156e-10,10.6664348001,0,1.35810597551e-37,1.70673427361e-20,-4.17542552612e-48,0,0,-5.55180534155e-10,1.35810597551e-37,-6.79426180228e-12,-6.79426180228e-12,0,0,63.9288119306,63.9288119306,-6.78320106961e-12,-6.78320106961e-12,0,0,63.9288119306,63.9288119306,1.70673427361e-20,-4.17542552612e-48,0,0,-5.55180534156e-10,1.35810597551e-37,False,True,True,False
73,73,FL_RR,solved,3.15504129508e-11,10.3133641713,0,8.25594871179e-39,-4.22637970651e-19,1.10611387426e-46,0,0,-3.15504129508e-11,8.25594871179e-39,-6.60246203304e-12,-6.60246203304e-12,0,0,61.8126985107,61.8126985107,-6.57394918032e-12,-6.57394918032e-12,0,0,61.8126985107,61.8126985107,-4.22637970651e-19,1.10611387426e-46,0,0,-3.15504129485e-11,8.25594871179e-39,False,True,True,False
74,74,FL_RR,solved,1.42881895506e-10,10.0243111102,0,3.95809121211e-38,-7.69443792057e-20,2.13138293907e-47,0,0,-1.42881895504e-10,3.95809121211e-38,-6.59089599977e-12,-6.59089599977e-12,0,0,60.0802715909,60.0802715909,-6.66480892641e-12,-6.66480892641e-12,0,0,60.0802715909,60.0802715909,-7.69443792057e-20,2.13138293907e-47,0,0,-1.42881895506e-10,3.95809121211e-38,False,True,True,False
75,75,FL_RR,solved,8.77628188907e-11,10.02389243,0,2.4308088517e-38,-2.31234953315e-19,6.40505720131e-47,0,0,-8.77628188886e-11,2.4308088517e-38,-6.53074937303e-12,-6.53074937303e-12,0,0,60.0777622497,60.0777622497,-6.59032776486e-12,-6.59032776486e-12,0,0,60.0777622497,60.0777622497,-2.31234953315e-19,6.40505720131e-47,0,0,-8.77628188907e-11,2.4308088517e-38,False,True,True,False
76,76,FL_RR,solved,1.38970612174e-11,10.3087293011,0,3.63964180958e-39,1.08297919497e-20,-2.83614683312e-48,0,0,-1.38970612174e-11,3.63964176579e-39,-6.22254100613e-12,-6.22254100613e-12,0,0,61.7849196179,61.7849196179,-6.21259936954e-12,-6.21259936954e-12,0,0,61.7849196179,61.7849196179,1.08297919497e-20,-2.83614683312e-48,0,0,-1.38970612159e-11,3.63964180958e-39,False,True,True,False
77,77,FL_RR,solved,1.88664736611e-09,10.678998541,0,4.60430723664e-37,2.06309421799e-19,-5.0351743899e-47,0,0,-1.88664736611e-09,4.60430723664e-37,-5.08331810292e-12,-5.08331810292e-12,0,0,64.0041121641,64.0041121641,-5.09461499127e-12,-5.09461499127e-12,0,0,64.0041121641,64.0041121641,2.06309419382e-19,-5.0351743899e-47,0,0,-1.88664736611e-09,4.60430723664e-37,False,True,True,False
78,78,FL_RR,solved,1.71837986501e-09,10.3985254329,0,4.42311486105e-37,-2.28231085169e-19,5.87512606719e-47,0,0,-1.71837986501e-09,4.42311486105e-37,-5.15822258464e-12,-5.15822258464e-12,0,0,62.3231088191,62.3231088191,-5.16153836073e-12,-5.16153836073e-12,0,0,62.3231088191,62.3231088191,-2.28208634612e-19,5.87391901637e-47,0,0,-1.71837986501e-09,4.42311486105e-37,False,True,True,False
79,79,FL_RR,solved,1.09861693236e-10,7.71027428383,0,5.14320561702e-38,-5.58171453128e-20,2.61264407839e-47,0,0,1.09861693017e-10,-5.14320561702e-38,-1.12728660362e-11,-1.12728660362e-11,0,0,46.2111927616,46.2111927616,-1.13237176954e-11,-1.13237176954e-11,0,0,46.2111927616,46.2111927616,-3.96036672829e-20,1.85391149549e-47,0,0,1.09861693236e-10,-5.14233152207e-38,False,True,True,False
80,80,FR_RL,solved,2.23171509009e-10,7.71468830567,0,1.04342060429e-37,-4.60278589801e-12,-4.60278589801e-12,0,0,46.237648009,46.237648009,1.97319302389e-19,-9.22644576963e-47,0,0,-2.23171509009e-10,1.04342060429e-37,1.97319302389e-19,-9.22644576963e-47,0,0,-2.23171508575e-10,1.04342060429e-37,-4.53818129419e-12,-4.53818129419e-12,0,0,46.237648009,46.237648009,True,False,False,True
81,81,FR_RL,solved,1.12331831313e-09,10.3613585804,0,2.91162820668e-37,-6.62083666541e-12,-6.62083666541e-12,0,0,62.1003509089,62.1003509089,-8.77374758056e-20,2.27465934291e-47,0,0,-1.12331831313e-09,2.91162820668e-37,-8.77374758056e-20,2.27465934291e-47,0,0,-1.12331831311e-09,2.91162820668e-37,-6.30272568743e-12,-6.30272568743e-12,0,0,62.1003509089,62.1003509089,True,False,False,True
82,82,FR_RL,solved,5.55263627387e-10,10.6669833069,0,1.358288887e-37,-6.93587158768e-12,-6.93587158768e-12,0,0,63.9320993823,63.9320993823,-3.7558932067e-20,9.18869990124e-48,0,0,-5.55263627379e-10,1.358288887e-37,-3.7558932067e-20,9.18869990124e-48,0,0,-5.55263627387e-10,1.358288887e-37,-6.62323094738e-12,-6.62323094738e-12,0,0,63.9320993823,63.9320993823,True,False,False,True
83,83,FR_RL,solved,3.15512112102e-11,10.3138527897,0,8.25392418583e-39,-6.67358839499e-12,-6.67358839499e-12,0,0,61.8156270239,61.8156270239,1.90878191531e-19,-4.99370307836e-47,0,0,-3.15512112102e-11,8.25392418583e-39,1.90878191531e-19,-4.99370307836e-47,0,0,-3.15512112091e-11,8.25392418583e-39,-6.69019506174e-12,-6.69019506174e-12,0,0,61.8156270239,61.8156270239,True,False,False,True
84,84,FR_RL,solved,1.42885243098e-10,10.024744988,0,3.95724773553e-38,-6.63858609345e-12,-6.63858609345e-12,0,0,60.0828720191,60.0828720191,-4.69665667368e-19,1.30068191838e-46,0,0,-1.42885243098e-10,3.95724773553e-38,-4.69665667368e-19,1.30068191838e-46,0,0,-1.42885243098e-10,3.95724773553e-38,-6.64994280164e-12,-6.64994280164e-12,0,0,60.0828720191,60.0828720191,True,False,False,True
85,85,FR_RL,solved,8.77656726109e-11,10.0242881535,0,2.43104913936e-38,-6.54748561361e-12,-6.54748561361e-12,0,0,60.0801340015,60.0801340015,4.08991007802e-20,-1.13267137895e-47,0,0,-8.77656726028e-11,2.43104913936e-38,4.08991007802e-20,-1.13267137895e-47,0,0,-8.77656726109e-11,2.43104913936e-38,-6.51899289438e-12,-6.51899289438e-12,0,0,60.0801340015,60.0801340015,True,False,False,True
86,86,FR_RL,solved,1.38981634615e-11,10.3091018488,0,3.63951026269e-39,-6.41725136208e-12,-6.41725136208e-12,0,0,61.7871524666,61.7871524666,-4.6860500593e-19,1.2273320149e-46,0,0,-1.38981634615e-11,3.63951026269e-39,-4.6860500593e-19,1.2273320149e-46,0,0,-1.38981634587e-11,3.63951026269e-39,-5.65161172646e-12,-5.65161172646e-12,0,0,61.7871524666,61.7871524666,True,False,False,True
87,87,FR_RL,solved,1.88687507494e-09,10.679354582,0,4.60516337395e-37,-5.24407654575e-12,-5.24407654575e-12,0,0,64.0062460805,64.0062460805,1.61662760668e-19,-3.9456261299e-47,0,0,-1.88687507494e-09,4.60516337395e-37,1.61662761829e-19,-3.9456261299e-47,0,0,-1.88687507489e-09,4.60516337395e-37,-4.69387452151e-12,-4.69387452151e-12,0,0,64.0062460805,64.0062460805,True,False,False,True
88,88,FR_RL,solved,1.71849841918e-09,10.3988480168,0,4.42297770195e-37,-5.12145577195e-12,-5.12145577195e-12,0,0,62.3250422119,62.3250422119,-4.07399955862e-20,1.04875233379e-47,0,0,-1.71849841917e-09,4.42297770195e-37,-4.07636274022e-20,1.04920486365e-47,0,0,-1.71849841918e-09,4.42297770195e-37,-4.96359972764e-12,-4.96359972764e-12,0,0,62.3250422119,62.3250422119,True,False,False,True
89,89,FR_RL,solved,1.09861149734e-10,7.71049760513,0,5.1421828443e-38,-1.1956143214e-11,-1.1956143214e-11,0,0,46.2125312281,46.2125312281,4.9236806636e-20,-2.30460928324e-47,0,0,1.09861149734e-10,-5.1421828443e-38,1.12841806235e-19,-5.28127742246e-47,0,0,1.09861149202e-10,-5.1421828443e-38,-1.19259538887e-11,-1.19259538887e-11,0,0,46.2125312281,46.2125312281,True,False,False,True
90,90,FL_RR,solved,2.23176520073e-10,7.71488662287,0,1.04339381147e-37,4.49978722541e-19,-2.1038292602e-46,0,0,-2.23176519938e-10,1.04339381147e-37,-4.42075813628e-12,-4.42075813628e-12,0,0,46.2388366145,46.2388366145,-4.36956136648e-12,-4.36956136648e-12,0,0,46.2388366145,46.2388366145,4.49978722542e-19,-2.1038292602e-46,0,0,-2.23176520073e-10,1.04339381147e-37,False,True,True,False
91,91,FL_RR,solved,1.12331936539e-09,10.3616138098,0,2.91155648822e-37,1.87157724229e-20,-4.85230543203e-48,0,0,-1.12331936539e-09,2.91155648822e-37,-6.37375462439e-12,-6.37375462439e-12,0,0,62.1018806153,62.1018806153,-6.42511919654e-12,-6.42511919654e-12,0,0,62.1018806153,62.1018806152,1.87157724229e-20,-4.85230543203e-48,0,0,-1.12331936538e-09,2.91155648822e-37,False,True,True,False
92,92,FL_RR,solved,5.55300583829e-10,10.667229807,0,1.35825746989e-37,6.53924664237e-22,-1.59953833843e-49,0,0,-5.55300583829e-10,1.35825746989e-37,-6.75003401359e-12,-6.75003401359e-12,0,0,63.9335767698,63.9335767698,-6.77159535095e-12,-6.77159535095e-12,0,0,63.9335767698,63.9335767698,6.53924664237e-22,-1.59953833843e-49,0,0,-5.55300583825e-10,1.35825746989e-37,False,True,True,False
93,93,FL_RR,solved,3.15515599403e-11,10.3140723371,0,8.25538241205e-39,-1.96593077534e-19,5.14386743047e-47,0,0,-3.15515599373e-11,8.25538232447e-39,-6.65817141078e-12,-6.65817141078e-12,0,0,61.8169428712,61.8169428712,-6.64598657757e-12,-6.64598657757e-12,0,0,61.8169428712,61.8169428712,-1.96593077534e-19,5.14386743047e-47,0,0,-3.15515599403e-11,8.25538241205e-39,False,True,True,False
94,94,FL_RR,solved,1.42886564902e-10,10.0249399245,0,3.95717090934e-38,-4.39994335879e-20,1.21850501369e-47,0,0,-1.42886564902e-10,3.95717090934e-38,-6.62717582667e-12,-6.62717582667e-12,0,0,60.0840403625,60.0840403625,-6.63404322966e-12,-6.63404322966e-12,0,0,60.0840403625,60.0840403625,-4.39994335879e-20,1.21850501369e-47,0,0,-1.42886564901e-10,3.95717090934e-38,False,True,True,False
95,95,FL_RR,solved,8.77666254989e-11,10.0244659455,0,2.43100603191e-38,1.36951152737e-19,-3.79323961799e-47,0,0,-8.77666254989e-11,2.43066989544e-38,-6.63185738953e-12,-6.63185738953e-12,0,0,60.0811995899,60.0811995899,-6.63065161685e-12,-6.63065161685e-12,0,0,60.0811995899,60.0811995899,1.36951152737e-19,-3.79323961799e-47,0,0,-8.77666254984e-11,2.43100603191e-38,False,True,True,False
96,96,FL_RR,solved,1.38974798337e-11,10.3092692301,0,3.63945123299e-39,1.14851276534e-19,-3.00741361205e-47,0,0,-1.38974798337e-11,3.63945123299e-39,-6.05554456235e-12,-6.05554456235e-12,0,0,61.7881556587,61.7881556587,-6.05639830969e-12,-6.05639830969e-12,0,0,61.7881556587,61.7881556587,1.14851276534e-19,-3.00741361205e-47,0,0,-1.38974798335e-11,3.63904266691e-39,False,True,True,False
97,97,FL_RR,solved,1.88697638962e-09,10.6795145488,0,4.60408476649e-37,-3.86308738412e-20,9.42911226472e-48,0,0,-1.88697638962e-09,4.60408476649e-37,-4.69632714928e-12,-4.69632714928e-12,0,0,64.0072048342,64.0072048342,-4.69986979426e-12,-4.69986979426e-12,0,0,64.0072048342,64.0072048342,-3.86308757679e-20,9.42911234628e-48,0,0,-1.88697638962e-09,4.60408476649e-37,False,True,True,False
98,98,FL_RR,solved,1.71855187699e-09,10.3989929524,0,4.42291615692e-37,-7.76693743657e-21,1.99919399e-48,0,0,-1.71855187699e-09,4.42291615692e-37,-4.80025221305e-12,-4.80025221305e-12,0,0,62.3259108768,62.3259108768,-4.7791698026e-12,-4.7791698026e-12,0,0,62.3259108768,62.3259108768,-7.77031370955e-21,1.99994823363e-48,0,0,-1.71855187699e-09,4.42291615692e-37,False,True,True,False
99,99,FL_RR,solved,1.09861192243e-10,7.71059794261,0,5.14211596733e-38,-3.87766371384e-20,1.81498333981e-47,0,0,1.09861191615e-10,-5.14211596733e-38,-1.25205099062e-11,-1.25205099062e-11,0,0,46.2131325964,46.2131325964,-1.25195185897e-11,-1.25195185897e-11,0,0,46.2131325964,46.2131325964,-5.17131773321e-20,2.42011322454e-47,0,0,1.09861192243e-10,-5.14211596733e-38,False,True,True,False
