step,FR_fx,FR_fy,FR_fz,FL_fx,FL_fy,FL_fz,RR_fx,RR_fy,RR_fz,RL_fx,RL_fy,RL_fz,FR_hip_tau_candidate,FR_thigh_tau_candidate,FR_calf_tau_candidate,FL_hip_tau_candidate,FL_thigh_tau_candidate,FL_calf_tau_candidate,RR_hip_tau_candidate,RR_thigh_tau_candidate,RR_calf_tau_candidate,RL_hip_tau_candidate,RL_thigh_tau_candidate,RL_calf_tau_candidate,force_total_norm,tau_abs_max,torque_limit_violation
0,47.3648438734,0,78.9414064797,-1.72920530426e-11,0,3.16868592556e-12,-1.72920530426e-11,0,3.16868592543e-12,47.3648438734,0,78.9414064797,-6.31531251837,-12.5424875754,-19.4425094473,2.53494874045e-13,4.57903674338e-12,1.76082746056e-12,-2.53494874034e-13,4.57903674338e-12,1.76082746059e-12,6.31531251837,-12.5424875754,-19.4425094473,130.19350285,19.4425094473,False
1,39.9007013973,0,66.5011690117,-8.17270080751e-12,0,-2.67784596731e-11,-8.17270080751e-12,0,-2.67784596732e-11,39.9007013973,0,66.5011690117,-5.32009352094,-10.5659390088,-16.3785985638,-2.14227677385e-12,2.16417895539e-12,5.55003883455e-12,2.14227677386e-12,2.16417895539e-12,5.55003883456e-12,5.32009352094,-10.5659390088,-16.3785985638,109.676537618,16.3785985638,False
2,16.8620078056,0,55.1868052408,2.30562756836e-19,0,-1.25427939591e-11,2.30562756836e-19,0,-1.25427939256e-11,16.8620078056,0,55.1868052408,-4.41494441926,-4.46515825037,-11.4404220703,-1.00342351673e-12,-6.10543659915e-20,2.09274797988e-12,1.00342351405e-12,-6.10543659915e-20,2.09274797429e-12,4.41494441926,-4.46515825037,-11.4404220703,81.60772978,11.4404220703,False
3,2.76652322031,0,53.8730780505,1.1937426317e-20,0,-2.78526580088e-11,1.1937426317e-20,0,-2.78526580193e-11,2.76652322031,0,53.8730780505,-4.30984624404,-0.732591523169,-9.3549451225,-2.2282126407e-12,-3.16110028071e-21,4.6471778778e-12,2.22821264155e-12,-3.16110028071e-21,4.64717787957e-12,4.30984624404,-0.732591523169,-9.3549451225,76.2884288652,9.3549451225,False
4,-0.887214885215,0,55.631563323,-4.98383438536e-19,0,-4.75751532231e-11,-4.98383438536e-19,0,-4.75751532249e-11,-0.887214885216,0,55.631563323,-4.45052506584,0.234939688692,-9.16458037825,-3.80601225785e-12,1.31974848315e-19,7.93784928659e-12,3.80601225799e-12,1.31974848315e-19,7.93784928688e-12,4.45052506584,0.234939688692,-9.16458037825,78.6849158101,9.16458037825,False
5,-0.778186248683,0,57.9743989464,1.51100611633e-19,0,-3.85466207544e-11,1.51100611633e-19,0,-3.85466207545e-11,-0.778186248683,0,57.9743989464,-4.63795191571,0.206068268304,-9.56991500662,-3.08372966036e-12,-4.00123253675e-20,6.43145091148e-12,3.08372966036e-12,-4.00123253675e-20,6.43145091149e-12,4.63795191571,0.206068268304,-9.56991500663,81.9955670392,9.56991500663,False
6,-0.251692169034,0,60.6637603095,-1.200023963e-20,0,-8.74893468559e-12,-1.200023963e-20,0,-8.74893469006e-12,-0.251692169035,0,60.6637603095,-4.85310082476,0.0666495578743,-10.0883406255,-6.99914774847e-13,3.17773361322e-21,1.45974778316e-12,6.99914775204e-13,3.17773361322e-21,1.4597477839e-12,4.85310082476,0.0666495578745,-10.0883406255,85.7922509768,10.0883406255,False
7,-0.0173311512791,0,63.1261119404,2.48911894622e-19,0,-1.80279536351e-09,2.48911894622e-19,0,-1.80279536349e-09,-0.0173311512795,0,63.1261119404,-5.05008895523,0.00458939018499,-10.5302107099,-1.4422362908e-10,-6.59133249552e-20,3.00793939694e-10,1.44223629079e-10,-6.59133249552e-20,3.00793939691e-10,5.05008895523,0.0045893901851,-10.5302107099,89.2738070106,10.5302107099,False
8,0.0250574294748,0,61.4923776042,6.55585559894e-19,0,-1.67688872123e-09,6.55585559894e-19,0,-1.67688872124e-09,0.0250574294745,0,61.4923776042,-4.91939020834,-0.00663535382277,-10.2632367433,-1.34151097699e-10,-1.7360288913e-19,2.79786588649e-10,1.34151097699e-10,-1.7360288913e-19,2.7978658865e-10,4.91939020834,-0.00663535382269,-10.2632367433,86.9633616104,10.2632367433,False
9,0.0142064987999,0,45.6271963517,-2.06055767536e-20,0,1.20867758109e-11,-4.30517630297e-22,0,1.20867763706e-11,0.0142064987998,0,45.6271963517,-3.65017570813,-0.00376196394027,-7.61471626386,9.66942064874e-13,5.45647719453e-21,-2.0166620036e-12,-9.66942109647e-13,1.14003585517e-22,-2.01666209965e-12,3.65017570813,-0.00376196394025,-7.61471626386,64.5266030214,7.61471626386,False
10,-9.99550137568e-20,0,-6.99043800706e-11,0.00071374814841,0,45.6431666407,0.000713748148397,0,45.6431666407,-9.99074186721e-20,0,-6.9904380369e-11,5.59235040565e-12,2.64686720281e-20,1.16634501814e-11,3.65145333126,-0.000189004682616,-7.61559440512,-3.65145333126,-0.000189004682612,-7.61559440512,-5.59235042952e-12,2.64560685714e-20,1.16634502312e-11,64.5491853009,7.61559440512,False
11,-1.34349900274e-19,0,-1.1185319622e-09,0.000336680227661,0,61.3023171573,0.000336680227661,0,61.3023171573,-1.34349900274e-19,0,-1.11853196221e-09,8.94825569764e-11,3.5576639067e-20,1.86625527481e-10,4.90418537258,-8.91548926799e-05,-10.2282523183,-4.90418537258,-8.91548926799e-05,-10.2282523183,-8.94825569771e-11,3.5576639067e-20,1.86625527483e-10,86.6945683301,10.2282523183,False
12,-3.438872348e-19,0,-5.32961884609e-10,6.6021636969e-05,0,63.1661561232,6.60216369511e-05,0,63.1661561232,-3.438872348e-19,0,-5.32961884614e-10,4.26369507687e-11,9.10633503061e-20,8.89239612678e-11,5.05329248985,-1.74829154638e-05,-10.5391954636,-5.05329248985,-1.74829154591e-05,-10.5391954636,-4.26369507691e-11,9.10633503061e-20,8.89239612687e-11,89.3304346724,10.5391954636,False
13,-1.53292611386e-19,0,-2.61527264826e-11,-1.26282062032e-05,0,61.1438286292,-1.2628206231e-05,0,61.1438286292,-1.53292611386e-19,0,-2.61527264803e-11,2.09221811861e-12,4.05927797176e-20,4.36354665047e-12,4.89150629034,3.34402283321e-06,-10.2017624748,-4.89150629034,3.34402284056e-06,-10.2017624748,-2.09221811843e-12,4.05927797176e-20,4.36354665009e-12,86.4704317028,10.2017624748,False
14,1.91510593815e-19,0,-6.43811832458e-11,-1.45401946857e-05,0,59.5172259633,-1.45401946704e-05,0,59.5172259633,1.91510593815e-19,0,-6.43811832417e-11,5.15049465967e-12,-5.07131249056e-20,1.07419123097e-11,4.76137807707,3.85032856177e-06,-9.93036579241,-4.76137807707,3.85032855773e-06,-9.93036579241,-5.15049465933e-12,-5.07131249056e-20,1.0741912309e-11,84.1700681522,9.93036579241,False
15,-5.87275228755e-20,0,-5.04719401249e-11,-5.21705306045e-06,0,59.5418432012,-5.2170530487e-06,0,59.5418432012,-5.87275228755e-20,0,-5.04719401238e-11,4.03775521e-12,1.55513914069e-20,8.42117415942e-12,4.7633474561,1.38150615182e-06,-9.93447437928,-4.7633474561,1.38150614871e-06,-9.93447437928,-4.0377552099e-12,1.55513914069e-20,8.42117415923e-12,84.2048821838,9.93447437928,False
16,6.50689143181e-20,0,-1.18399547328e-11,-5.70643799046e-07,0,61.2651609651,-5.70644089263e-07,0,61.2651609651,6.50689143181e-20,0,-1.1839954736e-11,9.47196378621e-13,-1.72306289358e-20,1.97548023854e-12,4.90121287721,1.51109814247e-07,-10.2220082055,-4.90121287721,1.51109891098e-07,-10.2220082055,-9.47196378878e-13,-1.72306289358e-20,1.97548023907e-12,86.6420215379,10.2220082055,False
17,-7.05312985656e-20,0,-1.8353875204e-09,4.09630026696e-07,0,63.5104616102,4.09629624305e-07,0,63.5104616102,-7.05313482792e-20,0,-1.8353875204e-09,1.46831001632e-10,1.86771002202e-20,3.0623189652e-10,5.08083692882,-1.08472425964e-07,-10.5966336758,-5.08083692882,-1.08472319409e-07,-10.5966336758,-1.46831001632e-10,1.86771133847e-20,3.0623189652e-10,89.8173561618,10.5966336758,False
18,4.01783093857e-21,0,-1.69130572259e-09,2.69857772307e-07,0,61.8813318336,2.69857768178e-07,0,61.8813318336,4.02410400184e-21,0,-1.69130572259e-09,1.35304457807e-10,-1.06394512272e-21,2.82192045686e-10,4.95050654669,-7.1459915826e-08,-10.3248155831,-4.95050654669,-7.14599147324e-08,-10.3248155831,-1.35304457807e-10,-1.06560626654e-21,2.82192045685e-10,87.5134187368,10.3248155831,False
19,4.78121758148e-20,0,4.5570312871e-11,7.86651708446e-08,0,45.9256746406,7.86652276867e-08,0,45.9256746406,-1.12027914e-20,0,4.55703128053e-11,-3.64562502968e-12,-1.26609436889e-20,-7.6033443573e-12,3.67405397125,-2.08309971543e-08,-7.66263598643,-3.67405397125,-2.08310122064e-08,-7.66263598643,3.64562502442e-12,2.96656465966e-21,-7.60334433852e-12,64.9487119379,7.66263598643,False
20,-1.56437590892e-08,0,45.977617087,5.20392788834e-20,0,-1.31241095828e-10,5.20392788834e-20,0,-1.31241095777e-10,-1.56437555355e-08,0,45.977617087,-3.67820936696,4.14255886781e-09,-7.67130250005,-1.04992876662e-11,-1.37803052951e-20,2.18973972615e-11,1.04992876622e-11,-1.37803052951e-20,2.18973972529e-11,3.67820936696,4.14255792676e-09,-7.67130250004,65.02216965,7.67130250005,False
21,-7.38359399314e-09,0,61.742273528,3.82705615978e-19,0,-1.12230575381e-09,3.82705615978e-19,0,-1.12230575381e-09,-7.38361237037e-09,0,61.742273528,-4.93938188224,1.95521885744e-09,-10.3016138584,-8.97844603051e-11,-1.01342684593e-19,1.87255179379e-10,8.97844603049e-11,-1.01342684593e-19,1.87255179379e-10,4.93938188224,1.95522372384e-09,-10.3016138583,87.3167605951,10.3016138584,False
22,-1.45336117419e-09,0,63.5877357096,1.25439365145e-19,0,-5.45331810348e-10,1.25439365145e-19,0,-5.45331810238e-10,-1.45341505591e-09,0,63.5877357096,-5.08701885677,3.84858535978e-10,-10.6095266991,-4.36265448279e-11,-3.32170772695e-20,9.09878663901e-11,4.3626544819e-11,-3.32170772695e-20,9.09878663717e-11,5.08701885677,3.84872804173e-10,-10.6095266991,89.9266382412,10.6095266991,False
23,2.70060840893e-10,0,61.5145317973,-1.69236848177e-19,0,-2.87349970579e-11,-1.69236848177e-19,0,-2.87349970592e-11,2.70133321098e-10,0,61.5145317973,-4.92116254378,-7.15136895746e-11,-10.2636154632,-2.29879976463e-12,4.48149068378e-20,4.79439496488e-12,2.29879976474e-12,4.48149068378e-20,4.7943949651e-12,4.92116254378,-7.15328827568e-11,-10.2636154632,86.9946851508,10.2636154632,False
24,3.11999756268e-10,0,59.839725631,1.40457429584e-19,0,-8.2157047341e-11,1.40457429584e-19,0,-8.2157047343e-11,3.11968365692e-10,0,59.839725631,-4.78717805048,-8.26193595612e-11,-9.9841763459,-6.57256378728e-12,-3.71939485358e-20,1.37077909189e-11,6.57256378744e-12,-3.71939485358e-20,1.37077909193e-11,4.78717805048,-8.26110471531e-11,-9.9841763459,84.626151556,9.9841763459,False
25,1.08075499754e-10,0,59.8392350627,6.92001780615e-21,0,-6.07225976986e-11,6.92001780615e-21,0,-6.07225976928e-11,1.0754111158e-10,0,59.8392350627,-4.78713880502,-2.86190241964e-11,-9.98409449523,-4.85780781589e-12,-1.83246117284e-21,1.01314823414e-11,4.85780781542e-12,-1.83246117284e-21,1.01314823405e-11,4.78713880502,-2.84775150836e-11,-9.98409449523,84.6254577877,9.98409449523,False
26,6.14937548225e-12,0,61.5490066868,4.05792751912e-20,0,-1.18999205906e-11,4.05792751912e-20,0,-1.18999205954e-11,6.13890932242e-12,0,61.5490066868,-4.92392053494,-1.62839057992e-12,-10.2693675513,-9.51993647251e-13,-1.07456293167e-20,1.98548546312e-12,9.51993647634e-13,-1.07456293167e-20,1.98548546392e-12,4.92392053494,-1.62561907961e-12,-10.2693675513,87.043440007,10.2693675513,False
27,-1.50199905462e-11,0,63.7810803351,7.98004894864e-20,0,-1.86317350851e-09,7.98004957344e-20,0,-1.86317350853e-09,-1.5017018151e-11,0,63.7810803351,-5.10248642681,3.97738131075e-12,-10.6417859855,-1.49053880681e-10,-2.11316361682e-20,3.10867950598e-10,1.49053880683e-10,-2.11316378227e-20,3.10867950602e-10,5.10248642681,3.97659420313e-12,-10.6417859855,90.2000688327,10.6417859855,False
28,-1.21493800073e-11,0,62.1253500555,1.7529171311e-20,0,-1.70603728725e-09,1.75659335906e-20,0,-1.70603728725e-09,-1.19630620498e-11,0,62.1253500555,-4.97002800444,3.21722685708e-12,-10.3655296538,-1.3648298298e-10,-4.64182704716e-21,2.84649987091e-10,1.3648298298e-10,-4.65156191373e-21,2.8464998709e-10,4.97002800444,3.16788877264e-12,-10.3655296538,87.8585126156,10.3655296538,False
29,-2.42573427403e-06,0,46.1262504221,-4.88088561597e-17,0,1.74193868083e-14,-4.88088561597e-17,0,1.74193868083e-14,-2.42573418607e-06,0,46.1262504221,-3.69010003377,6.42348617777e-07,-7.69610144954,1.39355094467e-15,1.29248704712e-17,-2.89993841967e-15,-1.39355094467e-15,1.29248704712e-17,-2.89993841967e-15,3.69010003377,6.42348594486e-07,-7.69610144954,65.2323689283,7.69610144954,False
30,-4.25063732981e-17,0,7.7113610565e-14,2.8769015923e-07,0,46.1501810941,2.8769015923e-07,0,46.1501810941,-4.25063732981e-17,0,7.7113610565e-14,-6.1690888452e-15,1.12559361621e-17,-1.2860672444e-14,3.69201448753,-7.61820361398e-08,-7.70009460869,-3.69201448753,-7.61820361398e-08,-7.70009460869,6.1690888452e-15,1.12559361621e-17,-1.2860672444e-14,65.2662120093,7.70009460869,False
31,2.3158924705e-19,0,-1.12073851508e-09,1.4448617948e-06,0,61.9072508182,1.44486185908e-06,0,61.9072508182,2.3158924705e-19,0,-1.12073851509e-09,8.96590812067e-11,-6.13261866016e-20,1.86993687761e-10,4.95258006546,-3.82607850624e-07,-10.3291402858,-4.95258006546,-3.82607867646e-07,-10.3291402858,-8.96590812068e-11,-6.13261866016e-20,1.86993687762e-10,87.5500737164,10.3291402858,False
32,1.03175251975e-21,0,-5.4957789529e-10,6.44145574525e-07,0,63.7489477828,6.44145624214e-07,0,63.7489477828,1.03175251975e-21,0,-5.49577895292e-10,4.39662316232e-11,-2.73214099355e-22,9.16963198693e-11,5.09991582262,-1.7057351412e-07,-10.6364247984,-5.09991582262,-1.70573527278e-07,-10.6364247984,-4.39662316234e-11,-2.73214099355e-22,9.16963198698e-11,90.1546265414,10.6364247984,False
33,-1.13586949481e-20,0,-3.15440568644e-11,1.16000172473e-07,0,61.6674471139,1.16000365093e-07,0,61.6674471139,-1.13586949481e-20,0,-3.15440568615e-11,2.52352454915e-12,3.00784883067e-21,5.26308272919e-12,4.93339576911,-3.0717523864e-08,-10.2891291899,-4.93339576911,-3.07175748709e-08,-10.2891291899,-2.52352454892e-12,3.00784883067e-21,5.26308272871e-12,87.2109400654,10.2891291899,False
34,-3.82614952344e-20,0,-1.04434061918e-10,-2.90305345746e-08,0,59.9766425466,-2.90305337504e-08,0,59.9766425466,-3.82614952344e-20,0,-1.04434061918e-10,8.35472495341e-12,1.01318676333e-20,1.74246803442e-11,4.79813140373,7.68745528189e-09,-10.0070207421,-4.79813140373,7.68745506364e-09,-10.0070207421,-8.35472495345e-12,1.01318676333e-20,1.74246803443e-11,84.819781315,10.0070207421,False
35,-9.92468428846e-20,0,-7.2988614935e-11,-2.87794092181e-08,0,59.9736050231,-2.87793704446e-08,0,59.9736050231,-9.92468428846e-20,0,-7.29886149275e-11,5.8390891948e-12,2.62811442408e-20,1.21780505484e-11,4.79788840185,7.6209558193e-09,-10.0065139354,-4.79788840185,7.62094555185e-09,-10.0065139354,-5.8390891942e-12,2.62811442408e-20,1.21780505472e-11,84.815485608,10.0065139354,False
36,-2.22343294657e-20,0,-1.38742109553e-11,-9.80384458339e-09,0,61.680693698,-9.80380076193e-09,0,61.680693698,-2.22343294657e-20,0,-1.38742109554e-11,1.10993687642e-12,5.88778043516e-21,2.31489311746e-12,4.93445549584,2.5961153637e-09,-10.2913393476,-4.93445549584,2.59610375952e-09,-10.2913393476,-1.10993687643e-12,5.88778043516e-21,2.31489311747e-12,87.2296735643,10.2913393476,False
37,3.85998733092e-19,0,-1.87630794341e-09,-8.78090463542e-10,0,63.9063847187,-8.78021626132e-10,0,63.9063847187,3.85998729912e-19,0,-1.87630794341e-09,1.50104635473e-10,-1.02214721258e-19,3.1305941305e-10,5.1125107775,2.32523488487e-10,-10.6626928503,-5.1125107775,2.32505259939e-10,-10.6626928503,-1.50104635473e-10,-1.02214720416e-19,3.13059413049e-10,90.3772759914,10.6626928503,False
38,2.89777616184e-21,0,-1.71296244236e-09,8.75668570467e-10,0,62.2369876693,8.7565497909e-10,0,62.2369876693,2.89232796069e-21,0,-1.71296244237e-09,1.37036995389e-10,-7.67348069455e-22,2.85805439748e-10,4.97895901354,-2.31882157041e-10,-10.384156237,-4.97895901354,-2.31878557965e-10,-10.384156237,-1.3703699539e-10,-7.65905353937e-22,2.85805439749e-10,88.0163920432,10.384156237,False
39,-4.9162776333e-17,0,1.74140962203e-14,-2.44291618604e-06,0,46.2027360366,-2.44291619245e-06,0,46.2027360366,-4.9162776333e-17,0,1.74140962203e-14,-1.39312769763e-15,1.30185906023e-17,-2.89900883224e-15,3.69621888292,6.46898488532e-07,-7.70886296739,-3.69621888292,6.46898490231e-07,-7.70886296739,1.39312769763e-15,1.30185906023e-17,-2.89900883224e-15,65.3405359216,7.70886296739,False
40,2.89837883599e-07,0,46.2173131993,-4.28112565567e-17,0,7.72179986901e-14,-4.28112565567e-17,0,7.72179986901e-14,2.89837883599e-07,0,46.2173131993,-3.69738505595,-7.67507661094e-08,-7.71129550887,6.17743989521e-15,1.13366710315e-17,-1.28780490924e-14,-6.1774398952e-15,1.13366710315e-17,-1.28780490924e-14,3.69738505595,-7.67507661094e-08,-7.71129550887,65.3611511429,7.71129550887,False
41,1.45542460564e-06,0,61.993696983,2.05967380011e-19,0,-1.12076358428e-09,2.05967380011e-19,0,-1.12076358431e-09,1.45542460739e-06,0,61.993696983,-4.95949575864,-3.85404944689e-07,-10.3435637115,-8.96610867421e-11,-5.45413664118e-20,1.86997870525e-10,8.96610867449e-11,-5.45413664118e-20,1.86997870531e-10,4.95949575864,-3.85404945153e-07,-10.3435637115,87.672327055,10.3435637115,False
42,6.48848887276e-07,0,63.8325268348,-2.78897962722e-20,0,-5.51824797629e-10,-2.78897962722e-20,0,-5.51824797625e-10,6.48848865711e-07,0,63.8325268348,-5.10660214678,-1.71818978835e-07,-10.6503698495,-4.41459838103e-11,7.3853811101e-21,9.20712124541e-11,4.414598381e-11,7.3853811101e-21,9.20712124535e-11,5.10660214678,-1.71818973124e-07,-10.6503698495,90.2728251703,10.6503698495,False
43,1.16845640299e-07,0,61.7419469851,6.93791173504e-20,0,-3.15543250326e-11,6.93791173504e-20,0,-3.15543250367e-11,1.16845639159e-07,0,61.7419469851,-4.93935575881,-3.09414086872e-08,-10.3015593916,-2.52434600261e-12,-1.83719958982e-20,5.26479594831e-12,2.52434600293e-12,-1.83719958982e-20,5.264795949e-12,4.93935575881,-3.09414083853e-08,-10.3015593916,87.3162987937,10.3015593916,False
44,-2.92431267708e-08,0,60.0363244695,-1.30520072551e-19,0,-1.22283276984e-10,-1.30520072551e-19,0,-1.22283276985e-10,-2.92432391358e-08,0,60.0363244695,-4.80290595756,7.74375093837e-09,-10.0169785892,-9.78266215876e-12,3.4562478295e-20,2.04027974681e-11,9.78266215877e-12,3.4562478295e-20,2.04027974682e-11,4.80290595756,7.74378069327e-09,-10.0169785892,84.9041842999,10.0169785892,False
45,-2.89896125961e-08,0,60.0343257035,5.14679918689e-20,0,-8.00376039933e-11,5.14679918689e-20,0,-8.00376039907e-11,-2.89899677701e-08,0,60.0343257035,-4.80274605628,7.67661890272e-09,-10.0166450979,-6.40300831946e-12,-1.36290251536e-20,1.33541647081e-11,6.40300831926e-12,-1.36290251536e-20,1.33541647076e-11,4.80274605628,7.67671295489e-09,-10.0166450979,84.9013576178,10.0166450979,False
46,-9.87527772713e-09,0,61.7412019623,3.53370841849e-23,0,-1.38880689013e-11,3.53370841849e-23,0,-1.38880688991e-11,-9.87525819922e-09,0,61.7412019623,-4.93929615698,2.61503127779e-09,-10.3014350687,-1.11104551211e-12,-9.35746648982e-24,2.31720529384e-12,1.11104551193e-12,-9.35746648982e-24,2.31720529348e-12,4.93929615698,2.61502610668e-09,-10.3014350687,87.3152451723,10.3014350687,False
47,-8.84154632071e-10,0,63.9632406392,-5.40121774983e-20,0,-1.88231206405e-09,-5.40121773726e-20,0,-1.88231206406e-09,-8.84158591675e-10,0,63.9632406392,-5.11705925114,2.34129315768e-10,-10.6721791829,-1.50584965124e-10,1.43027403828e-20,3.14061192422e-10,1.50584965125e-10,1.43027403496e-20,3.14061192423e-10,5.11705925114,2.34130364294e-10,-10.6721791829,90.4576824053,10.6721791829,False
48,8.82379630777e-10,0,62.2872191966,-8.2127113197e-20,0,-1.71611112424e-09,-8.2128139402e-20,0,-1.71611112424e-09,8.82404286209e-10,0,62.2872191966,-4.98297753573,-2.33659285047e-10,-10.3925372986,-1.37288889939e-10,2.17477397294e-20,2.86330793022e-10,1.37288889939e-10,2.17480114745e-20,2.86330793022e-10,4.98297753573,-2.3366581395e-10,-10.3925372986,88.0874301503,10.3925372986,False
49,5.2689428455e-10,0,46.1826037055,1.86606044494e-19,0,1.26532986089e-10,1.83429269062e-19,0,1.26532985452e-10,5.2689450502e-10,0,46.1826037055,-3.69460829644,-1.39524687028e-10,-7.70550423902,1.01226388871e-11,-4.94143715711e-20,-2.11118556249e-11,-1.01226388361e-11,-4.85731428638e-20,-2.11118555182e-11,3.69460829644,-1.39524745409e-10,-7.70550423902,65.312064506,7.70550423902,False
50,-1.66141032795e-19,0,-2.65130388359e-10,3.07446963801e-11,0,46.2096102552,3.05971465506e-11,0,46.2096102552,-1.66141032796e-19,0,-2.65130388491e-10,2.12104310687e-11,4.3995116825e-20,4.42366425552e-11,3.69676882042,-8.1413753498e-12,-7.71001024482,-3.69676882042,-8.1023032923e-12,-7.71001024482,-2.12104310793e-11,4.39951168252e-20,4.42366425773e-11,65.3502575349,7.71001024482,False
51,-2.79277756327e-19,0,-1.12358480455e-09,1.01624921411e-11,0,62.077639476,1.01601631034e-11,0,62.077639476,-2.79277756327e-19,0,-1.12358480497e-09,8.98867843639e-11,7.39543826683e-20,1.87468587332e-10,4.96621115808,-2.6910873338e-12,-10.3575692089,-4.96621115808,-2.69047059099e-12,-10.3575692089,-8.98867843976e-11,7.39543826683e-20,1.87468587402e-10,87.791039667,10.3575692089,False
52,2.84971356687e-19,0,-5.5484094277e-10,-3.50310964894e-12,0,63.9103359415,-3.50028402682e-12,0,63.9103359415,2.84971356687e-19,0,-5.5484094276e-10,4.43872754216e-11,-7.54620813311e-20,9.25744521027e-11,5.11282687532,9.27643915911e-13,-10.6633521066,-5.11282687532,9.26895674653e-13,-10.6633521066,-4.43872754208e-11,-7.54620813311e-20,9.2574452101e-11,90.3828638642,10.6633521066,False
53,4.08242099539e-20,0,-3.15464921509e-11,-7.22292927499e-12,0,61.7943104102,-7.21464209546e-12,0,61.7943104102,4.08242099539e-20,0,-3.1546492151e-11,2.52371937207e-12,-1.08104894739e-20,5.2634890465e-12,4.94354483282,1.91267390075e-12,-10.3102961419,-4.94354483282,1.91047940716e-12,-10.3102961419,-2.52371937208e-12,-1.08104894739e-20,5.26348904652e-12,87.3903518596,10.3102961419,False
54,8.95182325484e-20,0,-1.32212538779e-10,-7.38596218961e-12,0,60.0666992421,-7.38170428957e-12,0,60.0666992421,8.95182325484e-20,0,-1.32212538783e-10,1.05770031023e-11,-2.37049513457e-20,2.20594811837e-11,4.80533593936,1.95584596971e-12,-10.0220465823,-4.80533593936,1.95471845289e-12,-10.0220465823,-1.05770031026e-11,-2.37049513457e-20,2.20594811843e-11,84.9471407151,10.0220465823,False
55,3.78959563633e-21,0,-8.77421549389e-11,-6.65703621578e-12,0,60.059288148,-6.68801881068e-12,0,60.059288148,3.78959563633e-21,0,-8.774215494e-11,7.01937239511e-12,-1.00350708031e-21,1.46396584979e-11,4.80474305184,1.76282211019e-12,-10.0208100514,-4.80474305184,1.77102648246e-12,-10.0208100514,-7.0193723952e-12,-1.00350708031e-21,1.46396584981e-11,84.9366598454,10.0208100514,False
56,1.71201446851e-19,0,-1.38935410995e-11,-6.3896307341e-12,0,61.7667844246,-6.37385455961e-12,0,61.7667844246,1.71201446851e-19,0,-1.38935411013e-11,1.11148328796e-12,-4.53351440524e-20,2.31811829995e-12,4.94134275397,1.69201157526e-12,-10.3057034689,-4.94134275397,1.68783395202e-12,-10.3057034689,-1.1114832881e-12,-4.53351440524e-20,2.31811830025e-12,87.3514242374,10.3057034689,False
57,-1.1341073017e-19,0,-1.88490197544e-09,-5.47138297667e-12,0,63.9876172485,-5.47820637068e-12,0,63.9876172485,-1.13410724132e-19,0,-1.88490197545e-09,1.50792158035e-10,3.0031824403e-20,3.14493315602e-10,5.11900937988,1.44885420057e-12,-10.6762463869,-5.11900937988,1.4506610752e-12,-10.6762463869,-1.50792158036e-10,3.00318228041e-20,3.14493315602e-10,90.4921561368,10.6762463869,False
58,6.7897534668e-21,0,-1.71747146865e-09,-5.58253396506e-12,0,62.3088587724,-5.56281138581e-12,0,62.3088587724,6.78572575189e-21,0,-1.71747146865e-09,1.37397717492e-10,-1.79796641419e-21,2.86557764615e-10,4.98470870179,1.47828763214e-12,-10.3961478321,-4.98470870179,1.47306497785e-12,-10.3961478321,-1.37397717492e-10,-1.79689985173e-21,2.86557764615e-10,88.1180331319,10.3961478321,False
59,-1.65892875228e-20,0,1.0986533216e-10,-1.01749627246e-11,0,46.2015649168,-1.00851089009e-11,0,46.2015649168,-3.79780397987e-20,0,1.09865331568e-10,-8.78922657278e-12,4.39294032503e-21,-1.83308803455e-11,3.69612519335,2.69438961723e-12,-7.70866789111,-3.69612519335,2.67059579937e-12,-7.70866789111,8.78922652547e-12,1.00568069767e-20,-1.8330880244e-11,65.3388797082,7.70866789111,False
60,-4.69055238693e-12,0,46.2249888143,-9.11291672699e-20,0,-2.43308324898e-10,-9.11291672699e-20,0,-2.43308325476e-10,-4.9729611536e-12,0,46.2249888143,-3.69799910514,1.2420856953e-12,-7.71257613635,-1.94646659918e-11,2.41315362782e-20,4.05956611148e-11,1.94646660381e-11,2.41315362782e-20,4.05956612112e-11,3.69799910514,1.31686918781e-12,-7.71257613635,65.3720061017,7.71257613635,False
61,-6.50024723127e-12,0,62.0909813958,1.8819411917e-19,0,-1.12338336283e-09,1.8819411917e-19,0,-1.12338336283e-09,-6.58910920275e-12,0,62.0909813958,-4.96727851167,1.72130347043e-12,-10.3597952899,-8.98706690261e-11,-4.98349030299e-20,1.87434976994e-10,8.98706690264e-11,-4.98349030299e-20,1.87434976995e-10,4.96727851167,1.74483464001e-12,-10.3597952899,87.809907991,10.3597952899,False
62,-6.78454417659e-12,0,63.9235540197,-1.62438602423e-21,0,-5.55096059101e-10,-1.62438602423e-21,0,-5.55096059102e-10,-6.79639277561e-12,0,63.9235540196,-5.11388432157,1.79658696369e-12,-10.6655575248,-4.44076847281e-11,4.30146916162e-22,9.26170179514e-11,4.44076847282e-11,4.30146916162e-22,9.26170179516e-11,5.11388432157,1.79972454198e-12,-10.6655575248,90.4015570497,10.6655575248,False
63,-6.5603458237e-12,0,61.807328991,-2.72447312653e-20,0,-3.1549656907e-11,-2.72447312653e-20,0,-3.15496569039e-11,-6.59543685576e-12,0,61.807328991,-4.94458631928,1.73721792907e-12,-10.3124682743,-2.52397255256e-12,7.21456412492e-21,5.26401709074e-12,2.52397255231e-12,7.21456412492e-21,5.26401709023e-12,4.94458631928,1.74651023952e-12,-10.3124682743,87.4087629131,10.3124682743,False
64,-6.6014637723e-12,0,60.0748737723,6.05860793822e-19,0,-1.42872880085e-10,6.05860793822e-19,0,-1.42872880085e-10,-6.64986655e-12,0,60.0748737723,-4.80598990179,1.74810620225e-12,-10.0234104915,-1.14298304068e-11,-1.60435480359e-19,2.38381444763e-11,1.14298304068e-11,-1.60435480359e-19,2.38381444762e-11,4.80598990179,1.76092354077e-12,-10.0234104915,84.9587012467,10.0234104915,False
65,-6.60805727796e-12,0,60.0725189111,-3.30616676394e-20,0,-8.77573157838e-11,-3.30616676394e-20,0,-8.77573157835e-11,-6.43031076193e-12,0,60.0725189111,-4.80580151289,1.7498522011e-12,-10.0230175861,-7.0205852627e-12,8.75492288539e-21,1.4642188069e-11,7.02058526268e-12,8.75492288539e-21,1.4642188069e-11,4.80580151289,1.70278388446e-12,-10.0230175861,84.95537097,10.0230175861,False
66,-6.5440892996e-12,0,61.7798915828,-6.49739588559e-20,0,-1.38950681527e-11,-6.49739588559e-20,0,-1.38950681555e-11,-5.79853262841e-12,0,61.7798915827,-4.94239132662,1.73291310644e-12,-10.3078903803,-1.11160545221e-12,1.72054841742e-20,2.31837311796e-12,1.11160545244e-12,1.72054841742e-20,2.31837311843e-12,4.94239132662,1.53548534103e-12,-10.3078903803,87.3699605583,10.3078903803,False
67,-5.52856103235e-12,0,63.9993124974,-3.47385457478e-19,0,-1.88613827944e-09,-3.47385459765e-19,0,-1.88613827931e-09,-5.14747748934e-12,0,63.9993124973,-5.11994499979,1.46399528401e-12,-10.6781977232,-1.50891062355e-10,9.19897001235e-20,3.14699591263e-10,1.50891062345e-10,9.19897007291e-20,3.14699591242e-10,5.11994499979,1.36308213382e-12,-10.6781977232,90.5086957163,10.6781977232,False
68,-5.55220846701e-12,0,62.3187814363,1.3790502616e-19,0,-1.71811286313e-09,1.37928506196e-19,0,-1.71811286313e-09,-5.26025704279e-12,0,62.3187814363,-4.9855025149,1.47025726296e-12,-10.397803415,-1.3744902905e-10,-3.65180571866e-20,2.86664780388e-10,1.3744902905e-10,-3.65242748373e-20,2.86664780388e-10,4.9855025149,1.39294681894e-12,-10.397803415,88.1320658978,10.397803415,False
69,-1.0774820553e-11,0,46.2082065245,-3.49313277585e-19,0,1.09862699512e-10,-3.64021727742e-19,0,1.09862699471e-10,-1.0655638764e-11,0,46.2082065245,-3.69665652196,2.85323547724e-12,-7.70977603426,8.78901596095e-12,9.25001981589e-20,-1.83304410477e-11,-8.78901595769e-12,9.63950817531e-20,-1.8330441039e-11,3.69665652196,2.82167544272e-12,-7.70977603426,65.3482723598,7.70977603426,False
70,1.69382267138e-20,0,-2.23160758492e-10,-4.67655048378e-12,0,46.2350050145,-4.65081259191e-12,0,46.2350050145,1.69382267137e-20,0,-2.23160758735e-10,1.78528606793e-11,-4.48534146288e-21,3.72340672125e-11,3.69880040116,1.23837790948e-12,-7.71424732566,-3.69880040116,1.23156236524e-12,-7.71424732566,-1.78528606988e-11,-4.48534146286e-21,3.72340672531e-11,65.3861711479,7.71424732566,False
71,3.30207959889e-19,0,-1.12331677454e-09,-6.55024690831e-12,0,62.096948043,-6.5304567247e-12,0,62.096948043,3.30207959889e-19,0,-1.12331677454e-09,8.98653419632e-11,-8.74409983339e-20,1.87423866811e-10,4.96775584344,1.73454367723e-12,-10.3607908169,-4.96775584344,1.72930312091e-12,-10.3607908169,-8.98653419635e-11,-8.74409983339e-20,1.87423866812e-10,87.8183461044,10.3607908169,False
72,1.70673427361e-20,0,-5.55180534155e-10,-6.79426180228e-12,0,63.9288119306,-6.78320106961e-12,0,63.9288119306,1.70673427361e-20,0,-5.55180534156e-10,4.44144427324e-11,-4.51953214045e-21,9.26311124961e-11,5.11430495444,1.79916024778e-12,-10.6664348001,-5.11430495444,1.7962313011e-12,-10.6664348001,-4.44144427325e-11,-4.51953214045e-21,9.26311124963e-11,90.4089928586,10.6664348001,False
73,-4.22637970651e-19,0,-3.15504129508e-11,-6.60246203304e-12,0,61.8126985107,-6.57394918032e-12,0,61.8126985107,-4.22637970651e-19,0,-3.15504129485e-11,2.52403303607e-12,1.11917005574e-19,5.26414328797e-12,4.94501588085,1.74837054753e-12,-10.3133641713,-4.94501588086,1.74082017743e-12,-10.3133641713,-2.52403303588e-12,1.11917005574e-19,5.26414328758e-12,87.4163565607,10.3133641713,False
74,-7.69443792057e-20,0,-1.42881895504e-10,-6.59089599977e-12,0,60.0802715909,-6.66480892641e-12,0,60.0802715909,-7.69443792057e-20,0,-1.42881895506e-10,1.14305516403e-11,2.03753214677e-20,2.38396487769e-11,4.80642172727,1.7453077943e-12,-10.0243111102,-4.80642172728,1.76488036941e-12,-10.0243111102,-1.14305516405e-11,2.03753214677e-20,2.38396487772e-11,84.966334915,10.0243111102,False
75,-2.31234953315e-19,0,-8.77628188886e-11,-6.53074937303e-12,0,60.0777622497,-6.59032776486e-12,0,60.0777622497,-2.31234953315e-19,0,-8.77628188907e-11,7.02102551109e-12,6.12323675491e-20,1.46431062808e-11,4.80622097997,1.7293806159e-12,-10.02389243,-4.80622097998,1.74515732238e-12,-10.02389243,-7.02102551125e-12,6.12323675491e-20,1.46431062811e-11,84.9627861705,10.02389243,False
76,1.08297919497e-20,0,-1.38970612174e-11,-6.22254100613e-12,0,61.7849196179,-6.21259936954e-12,0,61.7849196179,1.08297919497e-20,0,-1.38970612159e-11,1.11176489739e-12,-2.86779222448e-21,2.31870564804e-12,4.94279356943,1.6477652384e-12,-10.3087293011,-4.94279356943,1.64513263491e-12,-10.3087293011,-1.11176489727e-12,-2.86779222448e-21,2.3187056478e-12,87.3770712737,10.3087293011,False
77,2.06309421799e-19,0,-1.88664736611e-09,-5.08331810292e-12,0,64.0041121641,-5.09461499127e-12,0,64.0041121641,2.06309419382e-19,0,-1.88664736611e-09,1.50931789289e-10,-5.46319410769e-20,3.14784531604e-10,5.12032897313,1.34609235319e-12,-10.678998541,-5.12032897313,1.34908383527e-12,-10.678998541,-1.50931789289e-10,-5.46319404369e-20,3.14784531604e-10,90.5154834702,10.678998541,False
78,-2.28231085169e-19,0,-1.71837986501e-09,-5.15822258464e-12,0,62.3231088191,-5.16153836073e-12,0,62.3231088191,-2.28208634612e-19,0,-1.71837986501e-09,1.37470389201e-10,6.04369257019e-20,2.86709329334e-10,4.98584870553,1.36592749787e-12,-10.3985254329,-4.98584870553,1.36680553477e-12,-10.3985254329,-1.374703892e-10,6.04309806633e-20,2.86709329334e-10,88.1381857412,10.3985254329,False
79,-5.58171453128e-20,0,1.09861693017e-10,-1.12728660362e-11,0,46.2111927616,-1.13237176954e-11,0,46.2111927616,-3.96036672829e-20,0,1.09861693236e-10,-8.78893544137e-12,1.47807064128e-20,-1.83302731543e-11,3.69689542092,2.98512083301e-12,-7.71027428383,-3.69689542093,2.99858664967e-12,-7.71027428383,8.78893545889e-12,1.04872826387e-20,-1.8330273193e-11,65.3524955368,7.71027428383,False
80,-4.60278589801e-12,0,46.237648009,1.97319302389e-19,0,-2.23171509009e-10,1.97319302389e-19,0,-2.23171508575e-10,-4.53818129419e-12,0,46.237648009,-3.69901184072,1.2188446159e-12,-7.71468830567,-1.78537207207e-11,-5.22513048967e-20,3.72358608977e-11,1.7853720686e-11,-5.22513048967e-20,3.72358608254e-11,3.69901184072,1.2017369391e-12,-7.71468830567,65.3899089066,7.71468830567,False
81,-6.62083666541e-12,0,62.1003509089,-8.77374758056e-20,0,-1.12331831313e-09,-8.77374758056e-20,0,-1.12331831311e-09,-6.30272568743e-12,0,62.1003509089,-4.96802807271,1.75323625761e-12,-10.3613585804,-8.986546505e-11,2.3233396549e-20,1.87424123577e-10,8.98654650492e-11,2.3233396549e-20,1.87424123575e-10,4.96802807271,1.66899861081e-12,-10.3613585804,87.8231584835,10.3613585804,False
82,-6.93587158768e-12,0,63.9320993823,-3.7558932067e-20,0,-5.55263627379e-10,-3.7558932067e-20,0,-5.55263627387e-10,-6.62323094738e-12,0,63.9320993823,-5.11456795058,1.83665934688e-12,-10.6669833069,-4.44210901903e-11,9.945824799e-21,9.26449764941e-11,4.4421090191e-11,9.945824799e-21,9.26449764955e-11,5.11456795058,1.75387027748e-12,-10.6669833069,90.4136420174,10.6669833069,False
83,-6.67358839499e-12,0,61.8156270239,1.90878191531e-19,0,-3.15512112102e-11,1.90878191531e-19,0,-3.15512112091e-11,-6.69019506174e-12,0,61.8156270239,-4.94525016191,1.76720522402e-12,-10.3138527897,-2.52409689681e-12,-5.05456610836e-20,5.26427639522e-12,2.52409689673e-12,-5.05456610836e-20,5.26427639504e-12,4.94525016191,1.77160276646e-12,-10.3138527897,87.4204981038,10.3138527897,False
84,-6.63858609345e-12,0,60.0828720191,-4.69665667368e-19,0,-1.42885243098e-10,-4.69665667368e-19,0,-1.42885243098e-10,-6.64994280164e-12,0,60.0828720191,-4.80662976153,1.75793640993e-12,-10.024744988,-1.14308194478e-11,1.24370214612e-19,2.38402073704e-11,1.14308194479e-11,1.24370214612e-19,2.38402073705e-11,4.80662976153,1.76094373265e-12,-10.024744988,84.9700124757,10.024744988,False
85,-6.54748561361e-12,0,60.0801340015,4.08991007802e-20,0,-8.77656726028e-11,4.08991007802e-20,0,-8.77656726109e-11,-6.51899289438e-12,0,60.0801340015,-4.80641072012,1.73381247025e-12,-10.0242881535,-7.02125380823e-12,-1.08303210025e-20,1.4643582383e-11,7.02125380887e-12,-1.08303210025e-20,1.46435823844e-11,4.80641072012,1.72626743162e-12,-10.0242881535,84.9661403341,10.0242881535,False
86,-6.41725136208e-12,0,61.7871524666,-4.6860500593e-19,0,-1.38981634615e-11,-4.6860500593e-19,0,-1.38981634587e-11,-5.65161172646e-12,0,61.7871524666,-4.94297219733,1.69932567903e-12,-10.3091018488,-1.11185307692e-12,1.24089345262e-19,2.31888961945e-12,1.1118530767e-12,1.24089345262e-19,2.31888961898e-12,4.94297219733,1.49657982722e-12,-10.3091018488,87.3802289986,10.3091018488,False
87,-5.24407654575e-12,0,64.0062460805,1.61662760668e-19,0,-1.88687507494e-09,1.61662761829e-19,0,-1.88687507489e-09,-4.69387452151e-12,0,64.0062460805,-5.12049968644,1.38866212872e-12,-10.679354582,-1.50950005995e-10,-4.28092441835e-20,3.14822524517e-10,1.50950005991e-10,-4.2809244491e-20,3.14822524509e-10,5.12049968644,1.24296541596e-12,-10.679354582,90.5185012836,10.679354582,False
88,-5.12145577195e-12,0,62.3250422119,-4.07399955862e-20,0,-1.71849841917e-09,-4.07636274022e-20,0,-1.71849841918e-09,-4.96359972764e-12,0,62.3250422119,-4.98600337695,1.35619143092e-12,-10.3988480168,-1.37479873534e-10,1.07881890169e-20,2.8672910991e-10,1.37479873534e-10,1.079444686e-20,2.86729109911e-10,4.98600337695,1.31439022748e-12,-10.3988480168,88.1409199715,10.3988480168,False
89,-1.1956143214e-11,0,46.2125312281,4.9236806636e-20,0,1.09861149734e-10,1.12841806235e-19,0,1.09861149202e-10,-1.19259538887e-11,0,46.2125312281,-3.69700249824,3.16605662447e-12,-7.71049760513,8.78889197874e-12,-1.30381942594e-20,-1.83301825222e-11,-8.78889193616e-12,-2.98811700189e-20,-1.83301824419e-11,3.69700249824,3.15806231461e-12,-7.71049760513,65.3543884143,7.71049760513,False
90,4.49978722541e-19,0,-2.23176519938e-10,-4.42075813628e-12,0,46.2388366145,-4.36956136648e-12,0,46.2388366145,4.49978722542e-19,0,-2.23176520073e-10,1.78541215951e-11,-1.19156996522e-19,3.7236696931e-11,3.69910692916,1.17064260038e-12,-7.71488662287,-3.69910692916,1.15708539641e-12,-7.71488662287,-1.78541216058e-11,-1.19156996522e-19,3.72366969535e-11,65.3915898486,7.71488662287,False
91,1.87157724229e-20,0,-1.12331936539e-09,-6.37375462439e-12,0,62.1018806153,-6.42511919654e-12,0,62.1018806153,1.87157724229e-20,0,-1.12331936538e-09,8.9865549231e-11,-4.95604595903e-21,1.87424299131e-10,4.96815044922,1.68780748859e-12,-10.3616138098,-4.96815044922,1.70140912759e-12,-10.3616138098,-8.98655492307e-11,-4.95604595903e-21,1.87424299131e-10,87.825321815,10.3616138098,False
92,6.53924664237e-22,0,-5.55300583829e-10,-6.75003401359e-12,0,63.9335767698,-6.77159535095e-12,0,63.9335767698,6.53924664237e-22,0,-5.55300583825e-10,4.44240467063e-11,-1.73163074249e-22,9.26511426221e-11,5.11468614159,1.78744847076e-12,-10.667229807,-5.11468614159,1.79315803895e-12,-10.667229807,-4.4424046706e-11,-1.73163074249e-22,9.26511426215e-11,90.4157313589,10.667229807,False
93,-1.96593077534e-19,0,-3.15515599373e-11,-6.65817141078e-12,0,61.8169428712,-6.64598657757e-12,0,61.8169428712,-1.96593077534e-19,0,-3.15515599403e-11,2.52412479498e-12,5.20589963091e-20,5.26433463116e-12,4.94535542969,1.76312271646e-12,-10.3140723371,-4.94535542969,1.75989610139e-12,-10.3140723371,-2.52412479522e-12,5.20589963091e-20,5.26433463166e-12,87.4223589929,10.3140723371,False
94,-4.39994335879e-20,0,-1.42886564902e-10,-6.62717582667e-12,0,60.0840403625,-6.63404322966e-12,0,60.0840403625,-4.39994335879e-20,0,-1.42886564901e-10,1.14309251922e-11,1.1651307256e-20,2.38404278553e-11,4.806723229,1.75491490458e-12,-10.0249399245,-4.806723229,1.75673343304e-12,-10.0249399245,-1.1430925192e-11,1.1651307256e-20,2.3840427855e-11,84.9716647629,10.0249399245,False
95,1.36951152737e-19,0,-8.77666254989e-11,-6.63185738953e-12,0,60.0811995899,-6.63065161685e-12,0,60.0811995899,1.36951152737e-19,0,-8.77666254984e-11,7.02133003991e-12,-3.62654659275e-20,1.46437413597e-11,4.80649596719,1.75615460979e-12,-10.0244659455,-4.80649596719,1.75583531414e-12,-10.0244659455,-7.02133003988e-12,-3.62654659275e-20,1.46437413597e-11,84.9676473037,10.0244659455,False
96,1.14851276534e-19,0,-1.38974798337e-11,-6.05554456235e-12,0,61.7881556587,-6.05639830969e-12,0,61.7881556587,1.14851276534e-19,0,-1.38974798335e-11,1.11179838669e-12,-3.04132895022e-20,2.31877547983e-12,4.9430524527,1.60354360375e-12,-10.3092692301,-4.9430524527,1.60376968104e-12,-10.30926923,-1.11179838668e-12,-3.04132895022e-20,2.3187754798e-12,87.3816477266,10.3092692301,False
97,-3.86308738412e-20,0,-1.88697638962e-09,-4.69632714928e-12,0,64.0072048342,-4.69986979426e-12,0,64.0072048342,-3.86308757679e-20,0,-1.88697638962e-09,1.5095811117e-10,1.02296812479e-20,3.1483942876e-10,5.12057638674,1.24361488613e-12,-10.6795145488,-5.12057638674,1.24455299923e-12,-10.6795145488,-1.5095811117e-10,1.02296817581e-20,3.1483942876e-10,90.5198571661,10.6795145488,False
98,-7.76693743657e-21,0,-1.71855187699e-09,-4.80025221305e-12,0,62.3259108768,-4.7791698026e-12,0,62.3259108768,-7.77031370955e-21,0,-1.71855187699e-09,1.3748415016e-10,2.05673044247e-21,2.8673802927e-10,4.98607287014,1.27113485061e-12,-10.3989929524,-4.98607287014,1.26555210507e-12,-10.3989929524,-1.3748415016e-10,2.0576244993e-21,2.8673802927e-10,88.1421484492,10.3989929524,False
99,-3.87766371384e-20,0,1.09861191615e-10,-1.25205099062e-11,0,46.2131325964,-1.25195185897e-11,0,46.2131325964,-5.17131773321e-20,0,1.09861192243e-10,-8.7888953292e-12,1.02682802212e-20,-1.83301894983e-11,3.69705060771,3.31550422411e-12,-7.71059794261,-3.69705060771,3.3152417177e-12,-7.71059794261,8.78889537945e-12,1.36939516978e-20,-1.83301896014e-11,65.3552388775,7.71059794261,False
