run_id,scale,scale_tag,control_mode,log_csv,summary_csv
run_00,0.000,0p000,baseline,results/logs_sample/stage20_2_replay_run_00_0p000_baseline_log.csv,results/logs_sample/stage20_2_replay_run_00_0p000_baseline_summary.csv
run_00,0.010,0p010,mpc_assisted_candidate,results/logs_sample/stage20_2_replay_run_00_0p010_mpc_assisted_candidate_log.csv,results/logs_sample/stage20_2_replay_run_00_0p010_mpc_assisted_candidate_summary.csv
run_00,0.020,0p020,mpc_assisted_candidate,results/logs_sample/stage20_2_replay_run_00_0p020_mpc_assisted_candidate_log.csv,results/logs_sample/stage20_2_replay_run_00_0p020_mpc_assisted_candidate_summary.csv
run_01,0.000,0p000,baseline,results/logs_sample/stage20_2_replay_run_01_0p000_baseline_log.csv,results/logs_sample/stage20_2_replay_run_01_0p000_baseline_summary.csv
run_01,0.010,0p010,mpc_assisted_candidate,results/logs_sample/stage20_2_replay_run_01_0p010_mpc_assisted_candidate_log.csv,results/logs_sample/stage20_2_replay_run_01_0p010_mpc_assisted_candidate_summary.csv
run_01,0.020,0p020,mpc_assisted_candidate,results/logs_sample/stage20_2_replay_run_01_0p020_mpc_assisted_candidate_log.csv,results/logs_sample/stage20_2_replay_run_01_0p020_mpc_assisted_candidate_summary.csv
run_02,0.000,0p000,baseline,results/logs_sample/stage20_2_replay_run_02_0p000_baseline_log.csv,results/logs_sample/stage20_2_replay_run_02_0p000_baseline_summary.csv
run_02,0.010,0p010,mpc_assisted_candidate,results/logs_sample/stage20_2_replay_run_02_0p010_mpc_assisted_candidate_log.csv,results/logs_sample/stage20_2_replay_run_02_0p010_mpc_assisted_candidate_summary.csv
run_02,0.020,0p020,mpc_assisted_candidate,results/logs_sample/stage20_2_replay_run_02_0p020_mpc_assisted_candidate_log.csv,results/logs_sample/stage20_2_replay_run_02_0p020_mpc_assisted_candidate_summary.csv
