path,hit_count,category_count,categories,likely_role,role_score
scripts/stage23_2_qvel_injection_trace_runner.py,515,10,baseline_torque_generation; candidate_scale_or_blending; contact_gait_state; control_mode_or_runner_args; mpc_wbc_candidate_torque; mujoco_torque_write_or_step; qp_osqp_solve_path; safety_filter_or_saturation; state_reading_mapping; swing_leg_pd,candidate_controller_patch_point,3
scripts/stage21_2_local_perturbation_runner.py,481,10,baseline_torque_generation; candidate_scale_or_blending; contact_gait_state; control_mode_or_runner_args; mpc_wbc_candidate_torque; mujoco_torque_write_or_step; qp_osqp_solve_path; safety_filter_or_saturation; state_reading_mapping; swing_leg_pd,candidate_controller_patch_point,3
scripts/stage22_2_observable_perturbation_runner.py,475,10,baseline_torque_generation; candidate_scale_or_blending; contact_gait_state; control_mode_or_runner_args; mpc_wbc_candidate_torque; mujoco_torque_write_or_step; qp_osqp_solve_path; safety_filter_or_saturation; state_reading_mapping; swing_leg_pd,candidate_controller_patch_point,3
scripts/stage19_2_velocity_scale_sweep_runner.py,474,10,baseline_torque_generation; candidate_scale_or_blending; contact_gait_state; control_mode_or_runner_args; mpc_wbc_candidate_torque; mujoco_torque_write_or_step; qp_osqp_solve_path; safety_filter_or_saturation; state_reading_mapping; swing_leg_pd,candidate_controller_patch_point,3
scripts/stage20_2_replay_reproducibility_runner.py,473,10,baseline_torque_generation; candidate_scale_or_blending; contact_gait_state; control_mode_or_runner_args; mpc_wbc_candidate_torque; mujoco_torque_write_or_step; qp_osqp_solve_path; safety_filter_or_saturation; state_reading_mapping; swing_leg_pd,candidate_controller_patch_point,3
scripts/stage18_2_velocity_tracking_rollout_runner.py,465,10,baseline_torque_generation; candidate_scale_or_blending; contact_gait_state; control_mode_or_runner_args; mpc_wbc_candidate_torque; mujoco_torque_write_or_step; qp_osqp_solve_path; safety_filter_or_saturation; state_reading_mapping; swing_leg_pd,candidate_controller_patch_point,3
scripts/stage14_5d_r6_closed_loop_ab_mpc_assisted_candidate_runner.py,423,10,baseline_torque_generation; candidate_scale_or_blending; contact_gait_state; control_mode_or_runner_args; mpc_wbc_candidate_torque; mujoco_torque_write_or_step; qp_osqp_solve_path; safety_filter_or_saturation; state_reading_mapping; swing_leg_pd,candidate_controller_patch_point,3
scripts/stage14_5e_r1_candidate_robustness_scale_sweep_runner.py,370,7,baseline_torque_generation; candidate_scale_or_blending; control_mode_or_runner_args; mpc_wbc_candidate_torque; qp_osqp_solve_path; safety_filter_or_saturation; state_reading_mapping,candidate_controller_patch_point,2
scripts/stage14_5d_r2_closed_loop_ab_runner_skeleton.py,312,10,baseline_torque_generation; candidate_scale_or_blending; contact_gait_state; control_mode_or_runner_args; mpc_wbc_candidate_torque; mujoco_torque_write_or_step; qp_osqp_solve_path; safety_filter_or_saturation; state_reading_mapping; swing_leg_pd,candidate_controller_patch_point,3
scripts/stage14_5d_r5_mpc_candidate_injection_design_inspection.py,303,10,baseline_torque_generation; candidate_scale_or_blending; contact_gait_state; control_mode_or_runner_args; mpc_wbc_candidate_torque; mujoco_torque_write_or_step; qp_osqp_solve_path; safety_filter_or_saturation; state_reading_mapping; swing_leg_pd,candidate_controller_patch_point,3
scripts/stage14_5d_r9_final_simulation_only_evidence_freeze.py,303,7,baseline_torque_generation; candidate_scale_or_blending; control_mode_or_runner_args; mpc_wbc_candidate_torque; qp_osqp_solve_path; safety_filter_or_saturation; state_reading_mapping,candidate_controller_patch_point,2
scripts/stage14_5d_r6_derive_mpc_assisted_candidate_runner.py,290,9,baseline_torque_generation; candidate_scale_or_blending; contact_gait_state; control_mode_or_runner_args; mpc_wbc_candidate_torque; mujoco_torque_write_or_step; safety_filter_or_saturation; state_reading_mapping; swing_leg_pd,candidate_controller_patch_point,3
scripts/stage14_5e_r2_candidate_robustness_sweep_analysis_packaging.py,272,7,baseline_torque_generation; candidate_scale_or_blending; control_mode_or_runner_args; mpc_wbc_candidate_torque; qp_osqp_solve_path; safety_filter_or_saturation; state_reading_mapping,candidate_controller_patch_point,2
scripts/stage14_5d_r8_closed_loop_ab_packaging.py,268,9,baseline_torque_generation; candidate_scale_or_blending; contact_gait_state; control_mode_or_runner_args; mpc_wbc_candidate_torque; qp_osqp_solve_path; safety_filter_or_saturation; state_reading_mapping; swing_leg_pd,candidate_controller_patch_point,2
scripts/stage07_online_stance_pd_wbc_plus_swing_pd_sweep.py,249,9,baseline_torque_generation; candidate_scale_or_blending; contact_gait_state; mpc_wbc_candidate_torque; mujoco_torque_write_or_step; qp_osqp_solve_path; safety_filter_or_saturation; state_reading_mapping; swing_leg_pd,candidate_controller_patch_point,3
scripts/stage19_4_sync_and_freeze_scale_sweep_evidence.py,245,7,baseline_torque_generation; candidate_scale_or_blending; control_mode_or_runner_args; mpc_wbc_candidate_torque; qp_osqp_solve_path; safety_filter_or_saturation; state_reading_mapping,candidate_controller_patch_point,2
scripts/stage13_2_2400step_simulation_only_mixed_baseline_runner.py,239,10,baseline_torque_generation; candidate_scale_or_blending; contact_gait_state; control_mode_or_runner_args; mpc_wbc_candidate_torque; mujoco_torque_write_or_step; qp_osqp_solve_path; safety_filter_or_saturation; state_reading_mapping; swing_leg_pd,candidate_controller_patch_point,3
scripts/stage15_4_pinocchio_jacobian_candidate_rollout.py,239,10,baseline_torque_generation; candidate_scale_or_blending; contact_gait_state; control_mode_or_runner_args; mpc_wbc_candidate_torque; pinocchio_kinematics_dynamics; qp_osqp_solve_path; safety_filter_or_saturation; state_reading_mapping; swing_leg_pd,candidate_controller_patch_point,2
scripts/stage13_2_2400step_online_full_wbc_scheduler_runner.py,238,10,baseline_torque_generation; candidate_scale_or_blending; contact_gait_state; mpc_wbc_candidate_torque; mujoco_torque_write_or_step; pinocchio_kinematics_dynamics; qp_osqp_solve_path; safety_filter_or_saturation; state_reading_mapping; swing_leg_pd,candidate_controller_patch_point,3
scripts/stage07_online_full_wbc_scheduler_recommended_run.py,235,10,baseline_torque_generation; candidate_scale_or_blending; contact_gait_state; mpc_wbc_candidate_torque; mujoco_torque_write_or_step; pinocchio_kinematics_dynamics; qp_osqp_solve_path; safety_filter_or_saturation; state_reading_mapping; swing_leg_pd,candidate_controller_patch_point,3
scripts/stage07_online_full_wbc_with_scheduler_proto.py,235,10,baseline_torque_generation; candidate_scale_or_blending; contact_gait_state; mpc_wbc_candidate_torque; mujoco_torque_write_or_step; pinocchio_kinematics_dynamics; qp_osqp_solve_path; safety_filter_or_saturation; state_reading_mapping; swing_leg_pd,candidate_controller_patch_point,3
scripts/stage07_online_stance_pd_wbc_plus_swing_pd_recommended_test.py,233,9,baseline_torque_generation; candidate_scale_or_blending; contact_gait_state; mpc_wbc_candidate_torque; mujoco_torque_write_or_step; qp_osqp_solve_path; safety_filter_or_saturation; state_reading_mapping; swing_leg_pd,candidate_controller_patch_point,3
scripts/stage14_5d_r7_candidate_mode_guarded_dry_run.py,228,7,baseline_torque_generation; candidate_scale_or_blending; control_mode_or_runner_args; mpc_wbc_candidate_torque; qp_osqp_solve_path; safety_filter_or_saturation; state_reading_mapping,candidate_controller_patch_point,2
scripts/stage07_online_stance_wbc_plus_swing_pd_sweep.py,226,9,baseline_torque_generation; candidate_scale_or_blending; contact_gait_state; mpc_wbc_candidate_torque; mujoco_torque_write_or_step; qp_osqp_solve_path; safety_filter_or_saturation; state_reading_mapping; swing_leg_pd,candidate_controller_patch_point,3
scripts/stage14_5b_offline_mpc_force_to_torque_candidate_check.py,222,9,baseline_torque_generation; candidate_scale_or_blending; contact_gait_state; control_mode_or_runner_args; mpc_wbc_candidate_torque; pinocchio_kinematics_dynamics; qp_osqp_solve_path; safety_filter_or_saturation; state_reading_mapping,candidate_controller_patch_point,2
scripts/stage19_3_velocity_stability_tradeoff_analysis.py,221,7,baseline_torque_generation; candidate_scale_or_blending; control_mode_or_runner_args; mpc_wbc_candidate_torque; qp_osqp_solve_path; safety_filter_or_saturation; state_reading_mapping,candidate_controller_patch_point,2
scripts/stage07_online_full_wbc_step_loop_proto.py,217,10,baseline_torque_generation; candidate_scale_or_blending; contact_gait_state; mpc_wbc_candidate_torque; mujoco_torque_write_or_step; pinocchio_kinematics_dynamics; qp_osqp_solve_path; safety_filter_or_saturation; state_reading_mapping; swing_leg_pd,candidate_controller_patch_point,3
scripts/stage15_9_mujoco_jtf_candidate_injection.py,214,10,baseline_torque_generation; candidate_scale_or_blending; contact_gait_state; control_mode_or_runner_args; mpc_wbc_candidate_torque; mujoco_torque_write_or_step; pinocchio_kinematics_dynamics; qp_osqp_solve_path; safety_filter_or_saturation; state_reading_mapping,candidate_controller_patch_point,3
scripts/stage15_3_contact_force_candidate_rollout.py,212,10,baseline_torque_generation; candidate_scale_or_blending; contact_gait_state; control_mode_or_runner_args; mpc_wbc_candidate_torque; pinocchio_kinematics_dynamics; qp_osqp_solve_path; safety_filter_or_saturation; state_reading_mapping; swing_leg_pd,candidate_controller_patch_point,2
scripts/stage20_3_reproducibility_analysis.py,212,7,baseline_torque_generation; candidate_scale_or_blending; control_mode_or_runner_args; mpc_wbc_candidate_torque; qp_osqp_solve_path; safety_filter_or_saturation; state_reading_mapping,candidate_controller_patch_point,2
scripts/stage21_3_local_robustness_analysis.py,202,7,baseline_torque_generation; candidate_scale_or_blending; control_mode_or_runner_args; mpc_wbc_candidate_torque; qp_osqp_solve_path; safety_filter_or_saturation; state_reading_mapping,candidate_controller_patch_point,2
scripts/stage22_3_observable_robustness_analysis.py,196,8,baseline_torque_generation; candidate_scale_or_blending; contact_gait_state; control_mode_or_runner_args; mpc_wbc_candidate_torque; qp_osqp_solve_path; safety_filter_or_saturation; state_reading_mapping,candidate_controller_patch_point,2
scripts/stage17_1_validate_conservative_closed_loop_rollout.py,195,7,baseline_torque_generation; candidate_scale_or_blending; control_mode_or_runner_args; mpc_wbc_candidate_torque; qp_osqp_solve_path; safety_filter_or_saturation; state_reading_mapping,candidate_controller_patch_point,2
scripts/stage07_online_full_wbc_plus_swing_joint_tracking_proto.py,192,9,baseline_torque_generation; candidate_scale_or_blending; contact_gait_state; mpc_wbc_candidate_torque; mujoco_torque_write_or_step; qp_osqp_solve_path; safety_filter_or_saturation; state_reading_mapping; swing_leg_pd,candidate_controller_patch_point,3
scripts/stage07_online_full_wbc_plus_swing_joint_tracking_sweep.py,190,9,baseline_torque_generation; candidate_scale_or_blending; contact_gait_state; mpc_wbc_candidate_torque; mujoco_torque_write_or_step; qp_osqp_solve_path; safety_filter_or_saturation; state_reading_mapping; swing_leg_pd,candidate_controller_patch_point,3
scripts/stage07_swing_tracking_stability_sweep.py,190,10,baseline_torque_generation; candidate_scale_or_blending; contact_gait_state; control_mode_or_runner_args; mpc_wbc_candidate_torque; mujoco_torque_write_or_step; qp_osqp_solve_path; safety_filter_or_saturation; state_reading_mapping; swing_leg_pd,candidate_controller_patch_point,3
scripts/stage14_5c_mpc_force_reference_offline_qp_check.py,190,10,baseline_torque_generation; candidate_scale_or_blending; contact_gait_state; control_mode_or_runner_args; mpc_wbc_candidate_torque; pinocchio_kinematics_dynamics; qp_osqp_solve_path; safety_filter_or_saturation; state_reading_mapping; swing_leg_pd,candidate_controller_patch_point,2
scripts/stage14_5d_r2_derive_closed_loop_ab_runner_skeleton.py,189,7,baseline_torque_generation; candidate_scale_or_blending; control_mode_or_runner_args; mpc_wbc_candidate_torque; mujoco_torque_write_or_step; safety_filter_or_saturation; state_reading_mapping,candidate_controller_patch_point,3
scripts/stage14_5e_r0_candidate_robustness_envelope_preflight.py,183,7,baseline_torque_generation; candidate_scale_or_blending; control_mode_or_runner_args; mpc_wbc_candidate_torque; qp_osqp_solve_path; safety_filter_or_saturation; state_reading_mapping,candidate_controller_patch_point,2
scripts/stage13_2b_r1_derive_contact_schedule_and_rerun_2400step.py,180,9,baseline_torque_generation; candidate_scale_or_blending; contact_gait_state; control_mode_or_runner_args; mpc_wbc_candidate_torque; qp_osqp_solve_path; safety_filter_or_saturation; state_reading_mapping; swing_leg_pd,candidate_controller_patch_point,2
scripts/stage14_5f_r2_final_simulation_only_milestone_freeze.py,180,7,baseline_torque_generation; candidate_scale_or_blending; control_mode_or_runner_args; mpc_wbc_candidate_torque; qp_osqp_solve_path; safety_filter_or_saturation; state_reading_mapping,candidate_controller_patch_point,2
scripts/stage14_5d_r3_baseline_mode_derived_runner_dry_run.py,178,7,baseline_torque_generation; candidate_scale_or_blending; control_mode_or_runner_args; mpc_wbc_candidate_torque; qp_osqp_solve_path; safety_filter_or_saturation; state_reading_mapping,candidate_controller_patch_point,2
scripts/stage18_3_velocity_comparison_analysis.py,174,7,baseline_torque_generation; candidate_scale_or_blending; control_mode_or_runner_args; mpc_wbc_candidate_torque; qp_osqp_solve_path; safety_filter_or_saturation; state_reading_mapping,candidate_controller_patch_point,2
scripts/stage14_5f_r1_simulation_only_milestone_release_note_draft.py,172,8,baseline_torque_generation; candidate_scale_or_blending; contact_gait_state; control_mode_or_runner_args; mpc_wbc_candidate_torque; qp_osqp_solve_path; safety_filter_or_saturation; state_reading_mapping,candidate_controller_patch_point,2
scripts/stage15_6_real_model_jacobian_candidate_rollout.py,172,10,baseline_torque_generation; candidate_scale_or_blending; contact_gait_state; control_mode_or_runner_args; mpc_wbc_candidate_torque; pinocchio_kinematics_dynamics; qp_osqp_solve_path; safety_filter_or_saturation; state_reading_mapping; swing_leg_pd,candidate_controller_patch_point,2
scripts/stage09_python_baseline_ros2_field_mapping.py,169,9,baseline_torque_generation; candidate_scale_or_blending; contact_gait_state; control_mode_or_runner_args; mpc_wbc_candidate_torque; mujoco_torque_write_or_step; pinocchio_kinematics_dynamics; qp_osqp_solve_path; state_reading_mapping,candidate_controller_patch_point,3
scripts/stage10_0_11_full_no_publisher_controller_freeze.py,164,7,baseline_torque_generation; candidate_scale_or_blending; control_mode_or_runner_args; mpc_wbc_candidate_torque; qp_osqp_solve_path; safety_filter_or_saturation; state_reading_mapping,candidate_controller_patch_point,2
scripts/stage08_adapter_backed_stage07_baseline_ab_test.py,162,9,baseline_torque_generation; candidate_scale_or_blending; contact_gait_state; control_mode_or_runner_args; mpc_wbc_candidate_torque; qp_osqp_solve_path; safety_filter_or_saturation; state_reading_mapping; swing_leg_pd,candidate_controller_patch_point,2
scripts/stage15_7_mujoco_candidate_compatibility_audit.py,160,10,baseline_torque_generation; candidate_scale_or_blending; contact_gait_state; control_mode_or_runner_args; mpc_wbc_candidate_torque; mujoco_torque_write_or_step; pinocchio_kinematics_dynamics; qp_osqp_solve_path; safety_filter_or_saturation; state_reading_mapping,candidate_controller_patch_point,3
scripts/stage07_swing_joint_target_tracking_with_wbc_test.py,158,9,baseline_torque_generation; candidate_scale_or_blending; contact_gait_state; mpc_wbc_candidate_torque; mujoco_torque_write_or_step; qp_osqp_solve_path; safety_filter_or_saturation; state_reading_mapping; swing_leg_pd,candidate_controller_patch_point,3
scripts/stage15_8_mujoco_torque_smoke_test.py,158,9,baseline_torque_generation; candidate_scale_or_blending; contact_gait_state; control_mode_or_runner_args; mpc_wbc_candidate_torque; mujoco_torque_write_or_step; qp_osqp_solve_path; safety_filter_or_saturation; state_reading_mapping,candidate_controller_patch_point,3
scripts/stage10_disabled_controller_uses_safety_utilities.py,157,8,baseline_torque_generation; candidate_scale_or_blending; contact_gait_state; control_mode_or_runner_args; mpc_wbc_candidate_torque; qp_osqp_solve_path; safety_filter_or_saturation; state_reading_mapping,candidate_controller_patch_point,2
scripts/stage18_4_sync_and_freeze_velocity_evidence.py,156,6,baseline_torque_generation; control_mode_or_runner_args; mpc_wbc_candidate_torque; qp_osqp_solve_path; safety_filter_or_saturation; state_reading_mapping,qp_patch_point,2
scripts/stage13_2c_final_2400step_robustness_evidence_freeze.py,153,10,baseline_torque_generation; candidate_scale_or_blending; contact_gait_state; control_mode_or_runner_args; mpc_wbc_candidate_torque; mujoco_torque_write_or_step; qp_osqp_solve_path; safety_filter_or_saturation; state_reading_mapping; swing_leg_pd,candidate_controller_patch_point,3
scripts/stage19_2_validate_velocity_scale_sweep.py,153,7,baseline_torque_generation; candidate_scale_or_blending; control_mode_or_runner_args; mpc_wbc_candidate_torque; qp_osqp_solve_path; safety_filter_or_saturation; state_reading_mapping,candidate_controller_patch_point,2
scripts/stage07_full_wbc_torque_reconstruction_check.py,151,9,baseline_torque_generation; contact_gait_state; mpc_wbc_candidate_torque; mujoco_torque_write_or_step; pinocchio_kinematics_dynamics; qp_osqp_solve_path; safety_filter_or_saturation; state_reading_mapping; swing_leg_pd,candidate_controller_patch_point,2
scripts/stage18_1_velocity_source_inspection.py,146,8,baseline_torque_generation; candidate_scale_or_blending; control_mode_or_runner_args; mpc_wbc_candidate_torque; mujoco_torque_write_or_step; qp_osqp_solve_path; safety_filter_or_saturation; state_reading_mapping,candidate_controller_patch_point,3
scripts/stage20_4_sync_and_freeze_reproducibility_evidence.py,146,6,baseline_torque_generation; candidate_scale_or_blending; control_mode_or_runner_args; mpc_wbc_candidate_torque; qp_osqp_solve_path; state_reading_mapping,candidate_controller_patch_point,2
scripts/stage07_full_wbc_swing_accel_task_qp.py,143,9,baseline_torque_generation; contact_gait_state; mpc_wbc_candidate_torque; mujoco_torque_write_or_step; pinocchio_kinematics_dynamics; qp_osqp_solve_path; safety_filter_or_saturation; state_reading_mapping; swing_leg_pd,candidate_controller_patch_point,2
scripts/stage13_2a_r2_create_2400step_derived_runner.py,140,8,baseline_torque_generation; candidate_scale_or_blending; contact_gait_state; control_mode_or_runner_args; mpc_wbc_candidate_torque; qp_osqp_solve_path; state_reading_mapping; swing_leg_pd,candidate_controller_patch_point,2
scripts/stage18_2_validate_velocity_tracking_rollout.py,139,6,baseline_torque_generation; control_mode_or_runner_args; mpc_wbc_candidate_torque; qp_osqp_solve_path; safety_filter_or_saturation; state_reading_mapping,qp_patch_point,2
scripts/stage07_full_wbc_base_accel_task_qp.py,136,8,baseline_torque_generation; contact_gait_state; mpc_wbc_candidate_torque; mujoco_torque_write_or_step; pinocchio_kinematics_dynamics; qp_osqp_solve_path; safety_filter_or_saturation; state_reading_mapping,candidate_controller_patch_point,2
scripts/stage07_contact_schedule_wbc_scaled_support_test.py,134,8,baseline_torque_generation; candidate_scale_or_blending; contact_gait_state; mpc_wbc_candidate_torque; mujoco_torque_write_or_step; qp_osqp_solve_path; safety_filter_or_saturation; state_reading_mapping,candidate_controller_patch_point,3
scripts/stage07_swing_joint_target_tracking_recommended_test.py,133,9,baseline_torque_generation; candidate_scale_or_blending; contact_gait_state; mpc_wbc_candidate_torque; mujoco_torque_write_or_step; qp_osqp_solve_path; safety_filter_or_saturation; state_reading_mapping; swing_leg_pd,candidate_controller_patch_point,3
scripts/stage07_swing_joint_target_tracking_recommended_test_flrr.py,133,9,baseline_torque_generation; candidate_scale_or_blending; contact_gait_state; mpc_wbc_candidate_torque; mujoco_torque_write_or_step; qp_osqp_solve_path; safety_filter_or_saturation; state_reading_mapping; swing_leg_pd,candidate_controller_patch_point,3
scripts/stage07_wbc_posture_regularized_support_test.py,132,7,baseline_torque_generation; candidate_scale_or_blending; mpc_wbc_candidate_torque; mujoco_torque_write_or_step; qp_osqp_solve_path; safety_filter_or_saturation; state_reading_mapping,candidate_controller_patch_point,3
scripts/stage07_contact_mode_sequence_ramp_test.py,131,8,baseline_torque_generation; candidate_scale_or_blending; contact_gait_state; mpc_wbc_candidate_torque; mujoco_torque_write_or_step; qp_osqp_solve_path; safety_filter_or_saturation; state_reading_mapping,candidate_controller_patch_point,3
scripts/stage15_10_compare_mujoco_torque_smoke_policies.py,131,9,baseline_torque_generation; candidate_scale_or_blending; control_mode_or_runner_args; mpc_wbc_candidate_torque; mujoco_torque_write_or_step; pinocchio_kinematics_dynamics; qp_osqp_solve_path; safety_filter_or_saturation; state_reading_mapping,candidate_controller_patch_point,3
scripts/stage15_5_model_readiness_audit.py,131,8,baseline_torque_generation; candidate_scale_or_blending; control_mode_or_runner_args; mpc_wbc_candidate_torque; mujoco_torque_write_or_step; pinocchio_kinematics_dynamics; qp_osqp_solve_path; state_reading_mapping,candidate_controller_patch_point,3
scripts/stage24_1_short_horizon_metric_design_preflight.py,131,8,baseline_torque_generation; candidate_scale_or_blending; contact_gait_state; control_mode_or_runner_args; mpc_wbc_candidate_torque; mujoco_torque_write_or_step; qp_osqp_solve_path; state_reading_mapping,candidate_controller_patch_point,3
scripts/stage07_swing_tracking_mode_sequence_test.py,129,9,baseline_torque_generation; candidate_scale_or_blending; contact_gait_state; mpc_wbc_candidate_torque; mujoco_torque_write_or_step; qp_osqp_solve_path; safety_filter_or_saturation; state_reading_mapping; swing_leg_pd,candidate_controller_patch_point,3
scripts/stage10_python_frozen_baseline_ab_regression.py,129,7,baseline_torque_generation; candidate_scale_or_blending; control_mode_or_runner_args; mpc_wbc_candidate_torque; qp_osqp_solve_path; safety_filter_or_saturation; state_reading_mapping,candidate_controller_patch_point,2
scripts/stage14_4_base_velocity_tracking_mpc_demo.py,128,9,baseline_torque_generation; candidate_scale_or_blending; contact_gait_state; control_mode_or_runner_args; mpc_wbc_candidate_torque; pinocchio_kinematics_dynamics; qp_osqp_solve_path; state_reading_mapping; swing_leg_pd,candidate_controller_patch_point,2
scripts/stage04_open_loop_trot_pd_demo.py,127,9,baseline_torque_generation; candidate_scale_or_blending; contact_gait_state; control_mode_or_runner_args; mujoco_torque_write_or_step; qp_osqp_solve_path; safety_filter_or_saturation; state_reading_mapping; swing_leg_pd,candidate_controller_patch_point,2
scripts/stage07_online_full_wbc_scheduler_stability_sweep.py,125,9,baseline_torque_generation; candidate_scale_or_blending; contact_gait_state; mpc_wbc_candidate_torque; mujoco_torque_write_or_step; qp_osqp_solve_path; safety_filter_or_saturation; state_reading_mapping; swing_leg_pd,candidate_controller_patch_point,3
scripts/stage07_full_wbc_base_vertical_accel_task_qp.py,124,8,baseline_torque_generation; contact_gait_state; mpc_wbc_candidate_torque; mujoco_torque_write_or_step; pinocchio_kinematics_dynamics; qp_osqp_solve_path; safety_filter_or_saturation; state_reading_mapping,candidate_controller_patch_point,2
scripts/stage07_contact_schedule_wbc_scale_sweep.py,122,8,baseline_torque_generation; candidate_scale_or_blending; contact_gait_state; mpc_wbc_candidate_torque; mujoco_torque_write_or_step; qp_osqp_solve_path; safety_filter_or_saturation; state_reading_mapping,candidate_controller_patch_point,3
scripts/stage07_swing_joint_target_tracking_test.py,121,8,baseline_torque_generation; candidate_scale_or_blending; contact_gait_state; mujoco_torque_write_or_step; qp_osqp_solve_path; safety_filter_or_saturation; state_reading_mapping; swing_leg_pd,candidate_controller_patch_point,2
scripts/stage10_7_8_safety_utility_freeze_summary.py,121,7,baseline_torque_generation; candidate_scale_or_blending; control_mode_or_runner_args; mpc_wbc_candidate_torque; qp_osqp_solve_path; safety_filter_or_saturation; state_reading_mapping,candidate_controller_patch_point,2
scripts/stage14_5e_r3_final_robustness_evidence_freeze.py,121,7,baseline_torque_generation; candidate_scale_or_blending; control_mode_or_runner_args; mpc_wbc_candidate_torque; qp_osqp_solve_path; safety_filter_or_saturation; state_reading_mapping,candidate_controller_patch_point,2
scripts/stage24_2_compute_short_horizon_perturbation_metrics.py,121,8,baseline_torque_generation; candidate_scale_or_blending; contact_gait_state; control_mode_or_runner_args; mpc_wbc_candidate_torque; mujoco_torque_write_or_step; qp_osqp_solve_path; state_reading_mapping,candidate_controller_patch_point,3
scripts/stage07_contact_schedule_wbc_support_test.py,119,8,baseline_torque_generation; candidate_scale_or_blending; contact_gait_state; mpc_wbc_candidate_torque; mujoco_torque_write_or_step; qp_osqp_solve_path; safety_filter_or_saturation; state_reading_mapping,candidate_controller_patch_point,3
scripts/stage21_4_sync_and_freeze_local_robustness_evidence.py,119,6,baseline_torque_generation; candidate_scale_or_blending; control_mode_or_runner_args; mpc_wbc_candidate_torque; qp_osqp_solve_path; state_reading_mapping,candidate_controller_patch_point,2
scripts/stage15_4_validate_pinocchio_jacobian_candidate_rollout.py,118,10,baseline_torque_generation; candidate_scale_or_blending; contact_gait_state; control_mode_or_runner_args; mpc_wbc_candidate_torque; pinocchio_kinematics_dynamics; qp_osqp_solve_path; safety_filter_or_saturation; state_reading_mapping; swing_leg_pd,candidate_controller_patch_point,2
scripts/stage07_online_swing_joint_tracking_recommended_test.py,117,8,baseline_torque_generation; candidate_scale_or_blending; contact_gait_state; mujoco_torque_write_or_step; qp_osqp_solve_path; safety_filter_or_saturation; state_reading_mapping; swing_leg_pd,candidate_controller_patch_point,2
scripts/stage07_online_swing_joint_tracking_stability_sweep.py,117,8,baseline_torque_generation; candidate_scale_or_blending; contact_gait_state; mujoco_torque_write_or_step; qp_osqp_solve_path; safety_filter_or_saturation; state_reading_mapping; swing_leg_pd,candidate_controller_patch_point,2
scripts/stage14_5d_r1_baseline_runner_structure_inspection.py,117,10,baseline_torque_generation; candidate_scale_or_blending; contact_gait_state; control_mode_or_runner_args; mpc_wbc_candidate_torque; mujoco_torque_write_or_step; qp_osqp_solve_path; safety_filter_or_saturation; state_reading_mapping; swing_leg_pd,candidate_controller_patch_point,3
scripts/stage07_full_wbc_stance_constraint_qp.py,114,8,baseline_torque_generation; contact_gait_state; mpc_wbc_candidate_torque; mujoco_torque_write_or_step; pinocchio_kinematics_dynamics; qp_osqp_solve_path; safety_filter_or_saturation; state_reading_mapping,candidate_controller_patch_point,2
scripts/stage07_online_swing_joint_target_tracking_support_test.py,114,8,baseline_torque_generation; candidate_scale_or_blending; contact_gait_state; mujoco_torque_write_or_step; qp_osqp_solve_path; safety_filter_or_saturation; state_reading_mapping; swing_leg_pd,candidate_controller_patch_point,2
scripts/stage07_full_wbc_dynamics_qp.py,113,9,baseline_torque_generation; contact_gait_state; control_mode_or_runner_args; mpc_wbc_candidate_torque; mujoco_torque_write_or_step; pinocchio_kinematics_dynamics; qp_osqp_solve_path; safety_filter_or_saturation; state_reading_mapping,candidate_controller_patch_point,2
scripts/stage22_1_qvel_perturbation_preflight.py,113,8,baseline_torque_generation; candidate_scale_or_blending; control_mode_or_runner_args; mpc_wbc_candidate_torque; mujoco_torque_write_or_step; qp_osqp_solve_path; safety_filter_or_saturation; state_reading_mapping,candidate_controller_patch_point,3
scripts/stage10_0_5_controller_planning_freeze_summary.py,112,7,baseline_torque_generation; candidate_scale_or_blending; control_mode_or_runner_args; mpc_wbc_candidate_torque; qp_osqp_solve_path; safety_filter_or_saturation; state_reading_mapping,candidate_controller_patch_point,2
scripts/stage10_clamp_watchdog_utility_without_publisher.py,112,8,baseline_torque_generation; candidate_scale_or_blending; contact_gait_state; control_mode_or_runner_args; mpc_wbc_candidate_torque; qp_osqp_solve_path; safety_filter_or_saturation; state_reading_mapping,candidate_controller_patch_point,2
scripts/stage23_1_qvel_injection_trace_preflight.py,112,7,baseline_torque_generation; candidate_scale_or_blending; control_mode_or_runner_args; mpc_wbc_candidate_torque; mujoco_torque_write_or_step; qp_osqp_solve_path; state_reading_mapping,candidate_controller_patch_point,3
scripts/stage15_3_validate_contact_force_candidate_rollout.py,111,10,baseline_torque_generation; candidate_scale_or_blending; contact_gait_state; control_mode_or_runner_args; mpc_wbc_candidate_torque; pinocchio_kinematics_dynamics; qp_osqp_solve_path; safety_filter_or_saturation; state_reading_mapping; swing_leg_pd,candidate_controller_patch_point,2
scripts/stage22_2_validate_observable_perturbation_rollouts.py,111,7,baseline_torque_generation; candidate_scale_or_blending; control_mode_or_runner_args; mpc_wbc_candidate_torque; qp_osqp_solve_path; safety_filter_or_saturation; state_reading_mapping,candidate_controller_patch_point,2
scripts/stage06_qp_torque_support_test.py,110,8,baseline_torque_generation; candidate_scale_or_blending; contact_gait_state; mpc_wbc_candidate_torque; mujoco_torque_write_or_step; qp_osqp_solve_path; safety_filter_or_saturation; state_reading_mapping,candidate_controller_patch_point,3
scripts/stage07_wbc_base_wrench_support_test.py,110,7,baseline_torque_generation; candidate_scale_or_blending; mpc_wbc_candidate_torque; mujoco_torque_write_or_step; qp_osqp_solve_path; safety_filter_or_saturation; state_reading_mapping,candidate_controller_patch_point,3
scripts/stage21_2_validate_local_perturbation_rollouts.py,110,7,baseline_torque_generation; candidate_scale_or_blending; control_mode_or_runner_args; mpc_wbc_candidate_torque; qp_osqp_solve_path; safety_filter_or_saturation; state_reading_mapping,candidate_controller_patch_point,2
scripts/stage10_controller_implementation_plan_and_safety_gate.py,109,8,baseline_torque_generation; candidate_scale_or_blending; contact_gait_state; control_mode_or_runner_args; mpc_wbc_candidate_torque; qp_osqp_solve_path; safety_filter_or_saturation; state_reading_mapping,candidate_controller_patch_point,2
scripts/stage07_full_wbc_torque_sequence_support_test.py,108,7,baseline_torque_generation; candidate_scale_or_blending; mpc_wbc_candidate_torque; mujoco_torque_write_or_step; qp_osqp_solve_path; safety_filter_or_saturation; state_reading_mapping,candidate_controller_patch_point,3
scripts/stage14_5d_r4_mpc_assisted_candidate_gated_negative_test.py,108,4,baseline_torque_generation; control_mode_or_runner_args; mpc_wbc_candidate_torque; state_reading_mapping,candidate_controller_patch_point,1
scripts/stage20_2_validate_replay_reproducibility.py,107,7,baseline_torque_generation; candidate_scale_or_blending; control_mode_or_runner_args; mpc_wbc_candidate_torque; qp_osqp_solve_path; safety_filter_or_saturation; state_reading_mapping,candidate_controller_patch_point,2
scripts/stage07_wbc_torque_support_test.py,106,7,baseline_torque_generation; candidate_scale_or_blending; mpc_wbc_candidate_torque; mujoco_torque_write_or_step; qp_osqp_solve_path; safety_filter_or_saturation; state_reading_mapping,candidate_controller_patch_point,3
scripts/stage15_11_stage15_summary_report.py,105,11,baseline_torque_generation; candidate_scale_or_blending; contact_gait_state; control_mode_or_runner_args; mpc_wbc_candidate_torque; mujoco_torque_write_or_step; pinocchio_kinematics_dynamics; qp_osqp_solve_path; safety_filter_or_saturation; state_reading_mapping; swing_leg_pd,candidate_controller_patch_point,3
scripts/stage14_5f_r0_regression_index_release_note_preflight.py,104,6,baseline_torque_generation; candidate_scale_or_blending; control_mode_or_runner_args; mpc_wbc_candidate_torque; qp_osqp_solve_path; state_reading_mapping,candidate_controller_patch_point,2
scripts/stage07_wbc_posture_regularized_qp.py,103,7,baseline_torque_generation; contact_gait_state; mpc_wbc_candidate_torque; mujoco_torque_write_or_step; qp_osqp_solve_path; safety_filter_or_saturation; state_reading_mapping,candidate_controller_patch_point,2
scripts/stage10_cpp_state_cache_runtime_validation.py,102,7,baseline_torque_generation; candidate_scale_or_blending; contact_gait_state; control_mode_or_runner_args; mpc_wbc_candidate_torque; qp_osqp_solve_path; state_reading_mapping,candidate_controller_patch_point,2
scripts/stage13_2b_run_2400step_simulation_only_robustness_regression.py,101,9,baseline_torque_generation; candidate_scale_or_blending; contact_gait_state; control_mode_or_runner_args; mpc_wbc_candidate_torque; qp_osqp_solve_path; safety_filter_or_saturation; state_reading_mapping; swing_leg_pd,candidate_controller_patch_point,2
scripts/stage14_5a_mpc_wbc_integration_preflight.py,99,9,baseline_torque_generation; candidate_scale_or_blending; contact_gait_state; control_mode_or_runner_args; mpc_wbc_candidate_torque; pinocchio_kinematics_dynamics; qp_osqp_solve_path; safety_filter_or_saturation; state_reading_mapping,candidate_controller_patch_point,2
scripts/stage17_2_generate_conservative_rollout_metrics_table.py,98,7,baseline_torque_generation; candidate_scale_or_blending; control_mode_or_runner_args; mpc_wbc_candidate_torque; qp_osqp_solve_path; safety_filter_or_saturation; state_reading_mapping,candidate_controller_patch_point,2
scripts/stage23_2_validate_qvel_injection_trace_diagnostic.py,98,8,baseline_torque_generation; candidate_scale_or_blending; contact_gait_state; control_mode_or_runner_args; mpc_wbc_candidate_torque; mujoco_torque_write_or_step; qp_osqp_solve_path; state_reading_mapping,candidate_controller_patch_point,3
ros2_ws/src/robot_mpc_wbc_cpp_controller/src/disabled_controller_node.cpp,97,5,baseline_torque_generation; contact_gait_state; mpc_wbc_candidate_torque; safety_filter_or_saturation; state_reading_mapping,candidate_controller_patch_point,1
scripts/stage07_swing_trajectory_qp.py,97,6,baseline_torque_generation; contact_gait_state; mujoco_torque_write_or_step; qp_osqp_solve_path; state_reading_mapping; swing_leg_pd,swing_patch_point,2
scripts/stage07_swing_trajectory_qp_k9.py,97,6,baseline_torque_generation; contact_gait_state; mujoco_torque_write_or_step; qp_osqp_solve_path; state_reading_mapping; swing_leg_pd,swing_patch_point,2
scripts/stage13_3_report_ready_results_packaging.py,97,10,baseline_torque_generation; candidate_scale_or_blending; contact_gait_state; control_mode_or_runner_args; mpc_wbc_candidate_torque; mujoco_torque_write_or_step; qp_osqp_solve_path; safety_filter_or_saturation; state_reading_mapping; swing_leg_pd,candidate_controller_patch_point,3
scripts/stage19_1_velocity_scale_sweep_preflight.py,97,6,baseline_torque_generation; candidate_scale_or_blending; control_mode_or_runner_args; mpc_wbc_candidate_torque; qp_osqp_solve_path; state_reading_mapping,candidate_controller_patch_point,2
scripts/stage07_swing_foot_tracking_qp.py,95,6,baseline_torque_generation; contact_gait_state; mujoco_torque_write_or_step; qp_osqp_solve_path; state_reading_mapping; swing_leg_pd,swing_patch_point,2
scripts/stage07_contact_schedule_wbc_qp.py,94,7,baseline_torque_generation; contact_gait_state; mpc_wbc_candidate_torque; mujoco_torque_write_or_step; qp_osqp_solve_path; safety_filter_or_saturation; state_reading_mapping,candidate_controller_patch_point,2
scripts/stage21_1_local_perturbation_preflight.py,93,7,baseline_torque_generation; candidate_scale_or_blending; control_mode_or_runner_args; mpc_wbc_candidate_torque; qp_osqp_solve_path; safety_filter_or_saturation; state_reading_mapping,candidate_controller_patch_point,2
scripts/stage04_gait_swing_foothold_demo.py,92,7,baseline_torque_generation; candidate_scale_or_blending; contact_gait_state; control_mode_or_runner_args; safety_filter_or_saturation; state_reading_mapping; swing_leg_pd,candidate_controller_patch_point,1
scripts/stage08_adapter_zero_control_regression_guard.py,90,9,baseline_torque_generation; candidate_scale_or_blending; contact_gait_state; control_mode_or_runner_args; mpc_wbc_candidate_torque; qp_osqp_solve_path; safety_filter_or_saturation; state_reading_mapping; swing_leg_pd,candidate_controller_patch_point,2
scripts/stage11_dormant_publisher_path_source_skeleton.py,86,8,baseline_torque_generation; candidate_scale_or_blending; contact_gait_state; control_mode_or_runner_args; mpc_wbc_candidate_torque; qp_osqp_solve_path; safety_filter_or_saturation; state_reading_mapping,candidate_controller_patch_point,2
scripts/stage20_1_replay_reproducibility_preflight.py,86,7,baseline_torque_generation; candidate_scale_or_blending; control_mode_or_runner_args; mpc_wbc_candidate_torque; qp_osqp_solve_path; safety_filter_or_saturation; state_reading_mapping,candidate_controller_patch_point,2
scripts/stage07_online_swing_trajectory_memory_proto.py,83,6,baseline_torque_generation; contact_gait_state; mujoco_torque_write_or_step; qp_osqp_solve_path; state_reading_mapping; swing_leg_pd,swing_patch_point,2
scripts/stage12_bounded_one_shot_zero_safe_publish_call_source_patch.py,83,8,baseline_torque_generation; candidate_scale_or_blending; contact_gait_state; control_mode_or_runner_args; mpc_wbc_candidate_torque; qp_osqp_solve_path; safety_filter_or_saturation; state_reading_mapping,candidate_controller_patch_point,2
scripts/stage22_4_sync_and_freeze_observable_perturbation_evidence.py,83,6,baseline_torque_generation; candidate_scale_or_blending; control_mode_or_runner_args; mpc_wbc_candidate_torque; qp_osqp_solve_path; state_reading_mapping,candidate_controller_patch_point,2
scripts/stage05_centroidal_z_mpc.py,82,7,baseline_torque_generation; contact_gait_state; control_mode_or_runner_args; mpc_wbc_candidate_torque; pinocchio_kinematics_dynamics; qp_osqp_solve_path; state_reading_mapping,qp_patch_point,2
scripts/stage03_standing_pd_demo.py,81,8,baseline_torque_generation; contact_gait_state; control_mode_or_runner_args; mpc_wbc_candidate_torque; mujoco_torque_write_or_step; qp_osqp_solve_path; safety_filter_or_saturation; state_reading_mapping,candidate_controller_patch_point,2
scripts/stage14_4b_validate_base_velocity_mpc_rollout.py,81,9,baseline_torque_generation; candidate_scale_or_blending; contact_gait_state; control_mode_or_runner_args; mpc_wbc_candidate_torque; pinocchio_kinematics_dynamics; qp_osqp_solve_path; state_reading_mapping; swing_leg_pd,candidate_controller_patch_point,2
scripts/stage14_5d_r0_closed_loop_ab_anchor_inspection.py,80,10,baseline_torque_generation; candidate_scale_or_blending; contact_gait_state; control_mode_or_runner_args; mpc_wbc_candidate_torque; mujoco_torque_write_or_step; qp_osqp_solve_path; safety_filter_or_saturation; state_reading_mapping; swing_leg_pd,candidate_controller_patch_point,3
scripts/stage07_online_swing_trajectory_tracking_check.py,79,8,baseline_torque_generation; contact_gait_state; mujoco_torque_write_or_step; pinocchio_kinematics_dynamics; qp_osqp_solve_path; safety_filter_or_saturation; state_reading_mapping; swing_leg_pd,safety_patch_point,2
scripts/stage10_manual_enable_params_disabled_without_publisher.py,79,8,baseline_torque_generation; candidate_scale_or_blending; contact_gait_state; control_mode_or_runner_args; mpc_wbc_candidate_torque; qp_osqp_solve_path; safety_filter_or_saturation; state_reading_mapping,candidate_controller_patch_point,2
scripts/stage11_publisher_path_source_guard_before_implementation.py,78,8,baseline_torque_generation; candidate_scale_or_blending; contact_gait_state; control_mode_or_runner_args; mpc_wbc_candidate_torque; qp_osqp_solve_path; safety_filter_or_saturation; state_reading_mapping,candidate_controller_patch_point,2
scripts/stage11_runtime_guard_hardening_for_dormant_publisher_skeleton.py,78,8,baseline_torque_generation; candidate_scale_or_blending; contact_gait_state; control_mode_or_runner_args; mpc_wbc_candidate_torque; qp_osqp_solve_path; safety_filter_or_saturation; state_reading_mapping,candidate_controller_patch_point,2
scripts/stage12_manual_enable_runtime_activation_without_publish.py,78,8,baseline_torque_generation; candidate_scale_or_blending; contact_gait_state; control_mode_or_runner_args; mpc_wbc_candidate_torque; qp_osqp_solve_path; safety_filter_or_saturation; state_reading_mapping,candidate_controller_patch_point,2
scripts/stage11_publisher_path_skeleton_planning_only.py,77,8,baseline_torque_generation; candidate_scale_or_blending; control_mode_or_runner_args; mpc_wbc_candidate_torque; mujoco_torque_write_or_step; qp_osqp_solve_path; safety_filter_or_saturation; state_reading_mapping,candidate_controller_patch_point,3
scripts/stage12_publisher_construction_source_patch_without_publish.py,76,8,baseline_torque_generation; candidate_scale_or_blending; contact_gait_state; control_mode_or_runner_args; mpc_wbc_candidate_torque; qp_osqp_solve_path; safety_filter_or_saturation; state_reading_mapping,candidate_controller_patch_point,2
scripts/stage12_bounded_one_shot_publish_call_freeze_regression.py,75,8,baseline_torque_generation; candidate_scale_or_blending; contact_gait_state; control_mode_or_runner_args; mpc_wbc_candidate_torque; qp_osqp_solve_path; safety_filter_or_saturation; state_reading_mapping,candidate_controller_patch_point,2
scripts/stage23_4_sync_and_freeze_perturbation_observability_evidence.py,75,6,baseline_torque_generation; candidate_scale_or_blending; control_mode_or_runner_args; mpc_wbc_candidate_torque; qp_osqp_solve_path; state_reading_mapping,candidate_controller_patch_point,2
scripts/stage08_runtime_interface_adapter_module_check.py,74,7,baseline_torque_generation; mpc_wbc_candidate_torque; mujoco_torque_write_or_step; pinocchio_kinematics_dynamics; qp_osqp_solve_path; safety_filter_or_saturation; state_reading_mapping,candidate_controller_patch_point,2
scripts/stage13_5a_r2_mujoco_offscreen_rollout_video_fixed_ffmpeg.py,74,7,baseline_torque_generation; candidate_scale_or_blending; contact_gait_state; control_mode_or_runner_args; mujoco_torque_write_or_step; qp_osqp_solve_path; state_reading_mapping,candidate_controller_patch_point,2
scripts/stage17_3_sync_entry_docs.py,73,7,baseline_torque_generation; candidate_scale_or_blending; control_mode_or_runner_args; mpc_wbc_candidate_torque; qp_osqp_solve_path; safety_filter_or_saturation; state_reading_mapping,candidate_controller_patch_point,2
scripts/stage11_0_8_full_publisher_path_no_active_publisher_freeze.py,71,7,baseline_torque_generation; candidate_scale_or_blending; control_mode_or_runner_args; mpc_wbc_candidate_torque; qp_osqp_solve_path; safety_filter_or_saturation; state_reading_mapping,candidate_controller_patch_point,2
scripts/stage11_5_7_dormant_publisher_runtime_freeze_summary.py,70,7,baseline_torque_generation; candidate_scale_or_blending; control_mode_or_runner_args; mpc_wbc_candidate_torque; qp_osqp_solve_path; safety_filter_or_saturation; state_reading_mapping,candidate_controller_patch_point,2
ros2_ws/src/robot_mpc_wbc_cpp_controller/test/test_contact_force_qp.cpp,69,5,contact_gait_state; mpc_wbc_candidate_torque; qp_osqp_solve_path; state_reading_mapping; swing_leg_pd,qp_patch_point,2
scripts/stage07_wbc_base_wrench_qp.py,69,7,baseline_torque_generation; contact_gait_state; mpc_wbc_candidate_torque; mujoco_torque_write_or_step; qp_osqp_solve_path; safety_filter_or_saturation; state_reading_mapping,candidate_controller_patch_point,2
scripts/stage12_publish_call_preflight_freeze.py,68,7,baseline_torque_generation; candidate_scale_or_blending; control_mode_or_runner_args; mpc_wbc_candidate_torque; qp_osqp_solve_path; safety_filter_or_saturation; state_reading_mapping,candidate_controller_patch_point,2
scripts/stage13_5a_mujoco_offscreen_rollout_demo_video.py,68,7,baseline_torque_generation; candidate_scale_or_blending; contact_gait_state; control_mode_or_runner_args; mujoco_torque_write_or_step; qp_osqp_solve_path; state_reading_mapping,candidate_controller_patch_point,2
scripts/stage07_online_swing_trajectory_proto.py,66,6,baseline_torque_generation; contact_gait_state; mujoco_torque_write_or_step; qp_osqp_solve_path; state_reading_mapping; swing_leg_pd,swing_patch_point,2
scripts/stage11_0_2_publisher_path_planning_freeze_summary.py,66,7,baseline_torque_generation; candidate_scale_or_blending; control_mode_or_runner_args; mpc_wbc_candidate_torque; qp_osqp_solve_path; safety_filter_or_saturation; state_reading_mapping,candidate_controller_patch_point,2
scripts/stage11_disabled_publisher_path_skeleton_design_only.py,66,8,baseline_torque_generation; candidate_scale_or_blending; control_mode_or_runner_args; mpc_wbc_candidate_torque; mujoco_torque_write_or_step; qp_osqp_solve_path; safety_filter_or_saturation; state_reading_mapping,candidate_controller_patch_point,3
scripts/stage12_bounded_one_shot_publish_call_repair.py,66,8,baseline_torque_generation; candidate_scale_or_blending; contact_gait_state; control_mode_or_runner_args; mpc_wbc_candidate_torque; qp_osqp_solve_path; safety_filter_or_saturation; state_reading_mapping,candidate_controller_patch_point,2
scripts/stage12_pre_construction_source_runtime_guard.py,66,8,baseline_torque_generation; candidate_scale_or_blending; contact_gait_state; control_mode_or_runner_args; mpc_wbc_candidate_torque; qp_osqp_solve_path; safety_filter_or_saturation; state_reading_mapping,candidate_controller_patch_point,2
scripts/stage13_5a_r1_mujoco_offscreen_rollout_video_640fb.py,66,7,baseline_torque_generation; candidate_scale_or_blending; contact_gait_state; control_mode_or_runner_args; mujoco_torque_write_or_step; qp_osqp_solve_path; state_reading_mapping,candidate_controller_patch_point,2
scripts/stage05_horizon_force_qp.py,65,5,baseline_torque_generation; contact_gait_state; control_mode_or_runner_args; qp_osqp_solve_path; state_reading_mapping,runner_arg_patch_point,1
scripts/stage12_20b_r2_apply_patch.py,65,5,baseline_torque_generation; control_mode_or_runner_args; mpc_wbc_candidate_torque; safety_filter_or_saturation; state_reading_mapping,candidate_controller_patch_point,1
scripts/stage12_manual_enable_no_publish_freeze.py,65,8,baseline_torque_generation; candidate_scale_or_blending; contact_gait_state; control_mode_or_runner_args; mpc_wbc_candidate_torque; qp_osqp_solve_path; safety_filter_or_saturation; state_reading_mapping,candidate_controller_patch_point,2
scripts/stage12_bounded_publish_call_source_patch_preflight_freeze.py,64,7,baseline_torque_generation; candidate_scale_or_blending; control_mode_or_runner_args; mpc_wbc_candidate_torque; qp_osqp_solve_path; safety_filter_or_saturation; state_reading_mapping,candidate_controller_patch_point,2
scripts/stage12_construction_stage_preflight_freeze.py,64,7,baseline_torque_generation; candidate_scale_or_blending; control_mode_or_runner_args; mpc_wbc_candidate_torque; qp_osqp_solve_path; safety_filter_or_saturation; state_reading_mapping,candidate_controller_patch_point,2
scripts/stage00_torque_control_demo.py,63,8,baseline_torque_generation; candidate_scale_or_blending; contact_gait_state; control_mode_or_runner_args; mpc_wbc_candidate_torque; mujoco_torque_write_or_step; qp_osqp_solve_path; state_reading_mapping,candidate_controller_patch_point,3
scripts/stage05_contact_schedule_force_qp.py,63,5,baseline_torque_generation; contact_gait_state; control_mode_or_runner_args; qp_osqp_solve_path; state_reading_mapping,runner_arg_patch_point,1
scripts/stage06_jacobian_transpose_torque.py,62,6,candidate_scale_or_blending; contact_gait_state; control_mode_or_runner_args; pinocchio_kinematics_dynamics; qp_osqp_solve_path; state_reading_mapping,candidate_controller_patch_point,1
scripts/stage23_3_perturbation_observability_root_cause_analysis.py,62,6,baseline_torque_generation; candidate_scale_or_blending; control_mode_or_runner_args; mpc_wbc_candidate_torque; qp_osqp_solve_path; state_reading_mapping,candidate_controller_patch_point,2
scripts/stage09_interface_mirror_freeze_summary.py,61,8,baseline_torque_generation; candidate_scale_or_blending; contact_gait_state; control_mode_or_runner_args; mpc_wbc_candidate_torque; mujoco_torque_write_or_step; qp_osqp_solve_path; state_reading_mapping,candidate_controller_patch_point,3
scripts/stage11_disabled_publisher_path_skeleton_preflight.py,61,7,baseline_torque_generation; candidate_scale_or_blending; control_mode_or_runner_args; mpc_wbc_candidate_torque; qp_osqp_solve_path; safety_filter_or_saturation; state_reading_mapping,candidate_controller_patch_point,2
scripts/stage12_bounded_one_shot_publish_call_repair2.py,61,8,baseline_torque_generation; candidate_scale_or_blending; contact_gait_state; control_mode_or_runner_args; mpc_wbc_candidate_torque; qp_osqp_solve_path; safety_filter_or_saturation; state_reading_mapping,candidate_controller_patch_point,2
scripts/stage12_bounded_publish_call_source_patch_design_only.py,61,8,baseline_torque_generation; candidate_scale_or_blending; contact_gait_state; control_mode_or_runner_args; mpc_wbc_candidate_torque; qp_osqp_solve_path; safety_filter_or_saturation; state_reading_mapping,candidate_controller_patch_point,2
scripts/stage12_continuous_torque_streaming_preflight_freeze.py,61,7,baseline_torque_generation; candidate_scale_or_blending; control_mode_or_runner_args; mpc_wbc_candidate_torque; qp_osqp_solve_path; safety_filter_or_saturation; state_reading_mapping,candidate_controller_patch_point,2
scripts/stage12_continuous_torque_streaming_source_patch_preflight_freeze.py,61,7,baseline_torque_generation; candidate_scale_or_blending; control_mode_or_runner_args; mpc_wbc_candidate_torque; qp_osqp_solve_path; safety_filter_or_saturation; state_reading_mapping,candidate_controller_patch_point,2
scripts/stage08_runtime_interface_contract_check.py,60,9,baseline_torque_generation; candidate_scale_or_blending; control_mode_or_runner_args; mpc_wbc_candidate_torque; mujoco_torque_write_or_step; pinocchio_kinematics_dynamics; qp_osqp_solve_path; safety_filter_or_saturation; state_reading_mapping,candidate_controller_patch_point,3
scripts/stage10_torque_publisher_enable_gate_design.py,60,9,baseline_torque_generation; candidate_scale_or_blending; contact_gait_state; control_mode_or_runner_args; mpc_wbc_candidate_torque; mujoco_torque_write_or_step; qp_osqp_solve_path; safety_filter_or_saturation; state_reading_mapping,candidate_controller_patch_point,3
scripts/stage11_dormant_publisher_path_source_skeleton_freeze_summary.py,60,7,baseline_torque_generation; candidate_scale_or_blending; control_mode_or_runner_args; mpc_wbc_candidate_torque; qp_osqp_solve_path; safety_filter_or_saturation; state_reading_mapping,candidate_controller_patch_point,2
scripts/stage24_4_sync_and_freeze_short_horizon_metric_evidence.py,60,7,baseline_torque_generation; candidate_scale_or_blending; control_mode_or_runner_args; mpc_wbc_candidate_torque; mujoco_torque_write_or_step; qp_osqp_solve_path; state_reading_mapping,candidate_controller_patch_point,3
ros2_ws/build/robot_mpc_wbc_bridge/build/lib/robot_mpc_wbc_bridge/mujoco_bridge_node.py,59,5,contact_gait_state; mpc_wbc_candidate_torque; mujoco_torque_write_or_step; qp_osqp_solve_path; state_reading_mapping,candidate_controller_patch_point,2
ros2_ws/src/robot_mpc_wbc_bridge/robot_mpc_wbc_bridge/mujoco_bridge_node.py,59,5,contact_gait_state; mpc_wbc_candidate_torque; mujoco_torque_write_or_step; qp_osqp_solve_path; state_reading_mapping,candidate_controller_patch_point,2
scripts/stage09_ros2_cpp_interface_contract_inventory.py,59,7,baseline_torque_generation; candidate_scale_or_blending; contact_gait_state; control_mode_or_runner_args; mpc_wbc_candidate_torque; qp_osqp_solve_path; state_reading_mapping,candidate_controller_patch_point,2
scripts/stage09_ros2_topic_schema_snapshot.py,59,7,baseline_torque_generation; candidate_scale_or_blending; contact_gait_state; control_mode_or_runner_args; mpc_wbc_candidate_torque; qp_osqp_solve_path; state_reading_mapping,candidate_controller_patch_point,2
scripts/stage10_disabled_cpp_controller_skeleton_check.py,59,8,baseline_torque_generation; candidate_scale_or_blending; contact_gait_state; control_mode_or_runner_args; mpc_wbc_candidate_torque; qp_osqp_solve_path; safety_filter_or_saturation; state_reading_mapping,candidate_controller_patch_point,2
scripts/stage06_force_sign_sanity_check.py,58,7,baseline_torque_generation; contact_gait_state; mpc_wbc_candidate_torque; mujoco_torque_write_or_step; qp_osqp_solve_path; safety_filter_or_saturation; state_reading_mapping,candidate_controller_patch_point,2
scripts/stage12_publisher_construction_no_publish_freeze.py,58,8,baseline_torque_generation; candidate_scale_or_blending; contact_gait_state; control_mode_or_runner_args; mpc_wbc_candidate_torque; qp_osqp_solve_path; safety_filter_or_saturation; state_reading_mapping,candidate_controller_patch_point,2
scripts/stage12_publish_call_design_only.py,57,8,baseline_torque_generation; candidate_scale_or_blending; control_mode_or_runner_args; mpc_wbc_candidate_torque; mujoco_torque_write_or_step; qp_osqp_solve_path; safety_filter_or_saturation; state_reading_mapping,candidate_controller_patch_point,3
scripts/stage13_1b_rerun_1200step_simulation_only_mixed_baseline.py,57,9,baseline_torque_generation; candidate_scale_or_blending; contact_gait_state; control_mode_or_runner_args; mpc_wbc_candidate_torque; qp_osqp_solve_path; safety_filter_or_saturation; state_reading_mapping; swing_leg_pd,candidate_controller_patch_point,2
scripts/stage05_standing_contact_force_qp.py,56,6,baseline_torque_generation; contact_gait_state; control_mode_or_runner_args; mpc_wbc_candidate_torque; qp_osqp_solve_path; state_reading_mapping,qp_patch_point,2
scripts/stage10_manual_enable_param_guard_freeze_summary.py,56,7,baseline_torque_generation; candidate_scale_or_blending; control_mode_or_runner_args; mpc_wbc_candidate_torque; qp_osqp_solve_path; safety_filter_or_saturation; state_reading_mapping,candidate_controller_patch_point,2
scripts/stage14_4e_update_entry_docs.py,56,7,baseline_torque_generation; candidate_scale_or_blending; contact_gait_state; control_mode_or_runner_args; mpc_wbc_candidate_torque; qp_osqp_solve_path; state_reading_mapping,candidate_controller_patch_point,2
scripts/stage12_bounded_zero_safe_publish_call_implementation_plan.py,55,8,baseline_torque_generation; candidate_scale_or_blending; control_mode_or_runner_args; mpc_wbc_candidate_torque; mujoco_torque_write_or_step; qp_osqp_solve_path; safety_filter_or_saturation; state_reading_mapping,candidate_controller_patch_point,3
scripts/stage09_cpp_mirror_contract_report.py,54,7,baseline_torque_generation; candidate_scale_or_blending; contact_gait_state; control_mode_or_runner_args; mpc_wbc_candidate_torque; qp_osqp_solve_path; state_reading_mapping,candidate_controller_patch_point,2
scripts/stage09_ros2_runtime_mirror_smoke_test.py,54,7,baseline_torque_generation; candidate_scale_or_blending; contact_gait_state; control_mode_or_runner_args; mpc_wbc_candidate_torque; qp_osqp_solve_path; state_reading_mapping,candidate_controller_patch_point,2
scripts/stage12_active_publisher_construction_planning_only.py,54,8,baseline_torque_generation; candidate_scale_or_blending; control_mode_or_runner_args; mpc_wbc_candidate_torque; mujoco_torque_write_or_step; qp_osqp_solve_path; safety_filter_or_saturation; state_reading_mapping,candidate_controller_patch_point,3
scripts/stage18_2a_velocity_runner_patch_preflight.py,54,7,baseline_torque_generation; candidate_scale_or_blending; control_mode_or_runner_args; mpc_wbc_candidate_torque; mujoco_torque_write_or_step; qp_osqp_solve_path; state_reading_mapping,candidate_controller_patch_point,3
scripts/stage02_compare_foot_velocity.py,53,3,pinocchio_kinematics_dynamics; qp_osqp_solve_path; state_reading_mapping,qp_patch_point,1
scripts/stage02_validate_pinocchio_fk.py,53,3,pinocchio_kinematics_dynamics; qp_osqp_solve_path; state_reading_mapping,qp_patch_point,1
scripts/stage10_zero_torque_dry_run_internal_validation.py,53,7,baseline_torque_generation; candidate_scale_or_blending; contact_gait_state; control_mode_or_runner_args; mpc_wbc_candidate_torque; qp_osqp_solve_path; state_reading_mapping,candidate_controller_patch_point,2
scripts/stage16_1_sync_public_docs.py,52,10,baseline_torque_generation; candidate_scale_or_blending; contact_gait_state; control_mode_or_runner_args; mpc_wbc_candidate_torque; mujoco_torque_write_or_step; pinocchio_kinematics_dynamics; qp_osqp_solve_path; safety_filter_or_saturation; state_reading_mapping,candidate_controller_patch_point,3
scripts/stage24_3_analyze_short_horizon_metric_observability.py,52,7,baseline_torque_generation; candidate_scale_or_blending; control_mode_or_runner_args; mpc_wbc_candidate_torque; mujoco_torque_write_or_step; qp_osqp_solve_path; state_reading_mapping,candidate_controller_patch_point,3
scripts/stage11_full_freeze_integrity_check.py,51,7,baseline_torque_generation; candidate_scale_or_blending; control_mode_or_runner_args; mpc_wbc_candidate_torque; qp_osqp_solve_path; safety_filter_or_saturation; state_reading_mapping,candidate_controller_patch_point,2
ros2_ws/src/robot_mpc_wbc_cpp_controller/src/control/contact_force_qp.cpp,50,5,contact_gait_state; mpc_wbc_candidate_torque; qp_osqp_solve_path; state_reading_mapping; swing_leg_pd,qp_patch_point,2
scripts/stage12_continuous_torque_streaming_source_patch_design_only.py,50,9,baseline_torque_generation; candidate_scale_or_blending; contact_gait_state; control_mode_or_runner_args; mpc_wbc_candidate_torque; mujoco_torque_write_or_step; qp_osqp_solve_path; safety_filter_or_saturation; state_reading_mapping,candidate_controller_patch_point,3
scripts/stage02_compare_mujoco_pinocchio_jacobian.py,48,4,mujoco_torque_write_or_step; pinocchio_kinematics_dynamics; qp_osqp_solve_path; state_reading_mapping,candidate_controller_patch_point,1
scripts/stage12_publisher_construction_source_patch_design_only.py,48,7,baseline_torque_generation; candidate_scale_or_blending; control_mode_or_runner_args; mpc_wbc_candidate_torque; qp_osqp_solve_path; safety_filter_or_saturation; state_reading_mapping,candidate_controller_patch_point,2
scripts/common/go1_runtime_interface.py,47,5,mujoco_torque_write_or_step; pinocchio_kinematics_dynamics; qp_osqp_solve_path; safety_filter_or_saturation; state_reading_mapping,safety_patch_point,2
scripts/stage02_compare_full_foot_velocity.py,47,3,pinocchio_kinematics_dynamics; qp_osqp_solve_path; state_reading_mapping,qp_patch_point,1
scripts/stage13_1a_existing_stage7_baseline_summary_verification.py,47,9,baseline_torque_generation; candidate_scale_or_blending; contact_gait_state; control_mode_or_runner_args; mpc_wbc_candidate_torque; qp_osqp_solve_path; safety_filter_or_saturation; state_reading_mapping; swing_leg_pd,candidate_controller_patch_point,2
scripts/stage19_2_run_velocity_scale_sweep.py,47,6,baseline_torque_generation; candidate_scale_or_blending; control_mode_or_runner_args; mpc_wbc_candidate_torque; qp_osqp_solve_path; state_reading_mapping,candidate_controller_patch_point,2
ros2_ws/src/robot_mpc_wbc_cpp_controller/test/test_control_algorithms.cpp,45,5,contact_gait_state; mpc_wbc_candidate_torque; safety_filter_or_saturation; state_reading_mapping; swing_leg_pd,candidate_controller_patch_point,1
scripts/stage07_compare_wbc_variants.py,45,7,baseline_torque_generation; candidate_scale_or_blending; control_mode_or_runner_args; mpc_wbc_candidate_torque; qp_osqp_solve_path; safety_filter_or_saturation; state_reading_mapping,candidate_controller_patch_point,2
scripts/stage08_runtime_mapping_duplication_audit.py,44,9,baseline_torque_generation; contact_gait_state; control_mode_or_runner_args; mpc_wbc_candidate_torque; mujoco_torque_write_or_step; pinocchio_kinematics_dynamics; qp_osqp_solve_path; state_reading_mapping; swing_leg_pd,candidate_controller_patch_point,2
scripts/stage12_continuous_torque_streaming_design_only.py,44,8,baseline_torque_generation; candidate_scale_or_blending; contact_gait_state; control_mode_or_runner_args; mpc_wbc_candidate_torque; qp_osqp_solve_path; safety_filter_or_saturation; state_reading_mapping,candidate_controller_patch_point,2
scripts/stage17_4_release_evidence_freeze.py,44,7,baseline_torque_generation; candidate_scale_or_blending; control_mode_or_runner_args; mpc_wbc_candidate_torque; qp_osqp_solve_path; safety_filter_or_saturation; state_reading_mapping,candidate_controller_patch_point,2
scripts/stage13_2a_2400step_preflight_and_derived_runner.py,43,9,baseline_torque_generation; candidate_scale_or_blending; contact_gait_state; control_mode_or_runner_args; mpc_wbc_candidate_torque; qp_osqp_solve_path; safety_filter_or_saturation; state_reading_mapping; swing_leg_pd,candidate_controller_patch_point,2
install/_local_setup_util_ps1.py,42,3,candidate_scale_or_blending; control_mode_or_runner_args; state_reading_mapping,candidate_controller_patch_point,1
install/_local_setup_util_sh.py,42,3,candidate_scale_or_blending; control_mode_or_runner_args; state_reading_mapping,candidate_controller_patch_point,1
ros2_ws/install/_local_setup_util_ps1.py,42,3,candidate_scale_or_blending; control_mode_or_runner_args; state_reading_mapping,candidate_controller_patch_point,1
ros2_ws/install/_local_setup_util_sh.py,42,3,candidate_scale_or_blending; control_mode_or_runner_args; state_reading_mapping,candidate_controller_patch_point,1
scripts/stage15_4_patch_readme_entry.py,42,11,baseline_torque_generation; candidate_scale_or_blending; contact_gait_state; control_mode_or_runner_args; mpc_wbc_candidate_torque; mujoco_torque_write_or_step; pinocchio_kinematics_dynamics; qp_osqp_solve_path; safety_filter_or_saturation; state_reading_mapping; swing_leg_pd,candidate_controller_patch_point,3
scripts/stage06_qp_force_to_torque.py,41,8,baseline_torque_generation; contact_gait_state; mpc_wbc_candidate_torque; mujoco_torque_write_or_step; pinocchio_kinematics_dynamics; qp_osqp_solve_path; safety_filter_or_saturation; state_reading_mapping,candidate_controller_patch_point,2
scripts/stage08_freeze_integrity_check.py,41,8,baseline_torque_generation; candidate_scale_or_blending; contact_gait_state; control_mode_or_runner_args; mpc_wbc_candidate_torque; qp_osqp_solve_path; state_reading_mapping; swing_leg_pd,candidate_controller_patch_point,2
scripts/stage21_2_run_local_perturbation_rollouts.py,41,6,baseline_torque_generation; candidate_scale_or_blending; control_mode_or_runner_args; mpc_wbc_candidate_torque; qp_osqp_solve_path; state_reading_mapping,candidate_controller_patch_point,2
scripts/stage22_2_run_observable_perturbation_rollouts.py,41,6,baseline_torque_generation; candidate_scale_or_blending; control_mode_or_runner_args; mpc_wbc_candidate_torque; qp_osqp_solve_path; state_reading_mapping,candidate_controller_patch_point,2
ros2_ws/src/robot_mpc_wbc_cpp_interface/src/interface_mirror_node.cpp,40,2,contact_gait_state; state_reading_mapping,general_reference,0
scripts/stage13_0_simulation_only_locomotion_preflight_inventory.py,37,9,baseline_torque_generation; candidate_scale_or_blending; contact_gait_state; control_mode_or_runner_args; mpc_wbc_candidate_torque; pinocchio_kinematics_dynamics; qp_osqp_solve_path; state_reading_mapping; swing_leg_pd,candidate_controller_patch_point,2
scripts/stage13_5b_demo_video_evidence_freeze.py,37,7,baseline_torque_generation; candidate_scale_or_blending; control_mode_or_runner_args; mujoco_torque_write_or_step; qp_osqp_solve_path; safety_filter_or_saturation; state_reading_mapping,candidate_controller_patch_point,2
scripts/stage07_minimal_wbc_torque_qp.py,35,5,baseline_torque_generation; mpc_wbc_candidate_torque; mujoco_torque_write_or_step; qp_osqp_solve_path; safety_filter_or_saturation,candidate_controller_patch_point,2
scripts/stage08_active_leg_order_refactor_and_regression.py,35,8,baseline_torque_generation; candidate_scale_or_blending; contact_gait_state; control_mode_or_runner_args; mpc_wbc_candidate_torque; qp_osqp_solve_path; state_reading_mapping; swing_leg_pd,candidate_controller_patch_point,2
scripts/stage13_4a_report_ready_plots_and_tables.py,35,7,baseline_torque_generation; candidate_scale_or_blending; control_mode_or_runner_args; mujoco_torque_write_or_step; qp_osqp_solve_path; safety_filter_or_saturation; state_reading_mapping,candidate_controller_patch_point,2
scripts/stage02_compare_mujoco_pinocchio_fk.py,34,3,pinocchio_kinematics_dynamics; qp_osqp_solve_path; state_reading_mapping,qp_patch_point,1
scripts/stage09_ros2_cpp_interface_mirror_skeleton_check.py,34,7,baseline_torque_generation; candidate_scale_or_blending; contact_gait_state; control_mode_or_runner_args; mpc_wbc_candidate_torque; qp_osqp_solve_path; state_reading_mapping,candidate_controller_patch_point,2
scripts/stage14_4d_audit_document_language.py,34,6,baseline_torque_generation; candidate_scale_or_blending; control_mode_or_runner_args; mpc_wbc_candidate_torque; safety_filter_or_saturation; state_reading_mapping,candidate_controller_patch_point,2
ros2_ws/install/robot_mpc_wbc_cpp_controller/include/robot_mpc_wbc_cpp_controller/control/contact_force_qp.hpp,33,5,contact_gait_state; mpc_wbc_candidate_torque; qp_osqp_solve_path; state_reading_mapping; swing_leg_pd,qp_patch_point,2
ros2_ws/src/robot_mpc_wbc_cpp_controller/include/robot_mpc_wbc_cpp_controller/control/contact_force_qp.hpp,33,5,contact_gait_state; mpc_wbc_candidate_torque; qp_osqp_solve_path; state_reading_mapping; swing_leg_pd,qp_patch_point,2
scripts/stage12_manual_enable_activation_design_only.py,33,7,baseline_torque_generation; candidate_scale_or_blending; control_mode_or_runner_args; mpc_wbc_candidate_torque; qp_osqp_solve_path; safety_filter_or_saturation; state_reading_mapping,candidate_controller_patch_point,2
scripts/stage13_2a_r1_runner_structure_inspection.py,32,7,baseline_torque_generation; candidate_scale_or_blending; contact_gait_state; control_mode_or_runner_args; mpc_wbc_candidate_torque; state_reading_mapping; swing_leg_pd,candidate_controller_patch_point,2
scripts/stage13_5c_final_package_with_demo_video_manifest.py,32,7,baseline_torque_generation; candidate_scale_or_blending; contact_gait_state; control_mode_or_runner_args; mujoco_torque_write_or_step; qp_osqp_solve_path; state_reading_mapping,candidate_controller_patch_point,2
ros2_ws/src/robot_mpc_wbc_cpp_controller/src/control/gait_scheduler.cpp,31,3,contact_gait_state; mpc_wbc_candidate_torque; state_reading_mapping,candidate_controller_patch_point,1
scripts/stage08_runtime_mapping_audit_triage.py,31,7,baseline_torque_generation; contact_gait_state; control_mode_or_runner_args; mpc_wbc_candidate_torque; qp_osqp_solve_path; state_reading_mapping; swing_leg_pd,qp_patch_point,2
scripts/stage20_2_run_replay_reproducibility.py,30,6,baseline_torque_generation; candidate_scale_or_blending; control_mode_or_runner_args; mpc_wbc_candidate_torque; qp_osqp_solve_path; state_reading_mapping,candidate_controller_patch_point,2
scripts/stage23_2_run_qvel_injection_trace_diagnostic.py,30,6,baseline_torque_generation; candidate_scale_or_blending; control_mode_or_runner_args; mpc_wbc_candidate_torque; qp_osqp_solve_path; state_reading_mapping,candidate_controller_patch_point,2
scripts/stage15_6_validate_real_model_jacobian_candidate_rollout.py,29,8,baseline_torque_generation; candidate_scale_or_blending; control_mode_or_runner_args; mpc_wbc_candidate_torque; pinocchio_kinematics_dynamics; safety_filter_or_saturation; state_reading_mapping; swing_leg_pd,candidate_controller_patch_point,2
scripts/stage02_check_pinocchio_jacobian.py,28,3,pinocchio_kinematics_dynamics; qp_osqp_solve_path; state_reading_mapping,qp_patch_point,1
scripts/stage19_0_validate_velocity_aware_scale_sweep_roadmap.py,28,7,baseline_torque_generation; candidate_scale_or_blending; control_mode_or_runner_args; mpc_wbc_candidate_torque; qp_osqp_solve_path; safety_filter_or_saturation; state_reading_mapping,candidate_controller_patch_point,2
scripts/stage09_cpp_mirror_runtime_contract_guard.py,27,7,baseline_torque_generation; candidate_scale_or_blending; contact_gait_state; control_mode_or_runner_args; mpc_wbc_candidate_torque; qp_osqp_solve_path; state_reading_mapping,candidate_controller_patch_point,2
scripts/stage14_4c_validate_mpc_scope_explanation.py,27,5,baseline_torque_generation; candidate_scale_or_blending; control_mode_or_runner_args; mpc_wbc_candidate_torque; state_reading_mapping,candidate_controller_patch_point,2
scripts/stage12_22_simulation_only_scope_freeze.py,26,8,baseline_torque_generation; candidate_scale_or_blending; control_mode_or_runner_args; mpc_wbc_candidate_torque; mujoco_torque_write_or_step; qp_osqp_solve_path; safety_filter_or_saturation; state_reading_mapping,candidate_controller_patch_point,3
scripts/stage07_gait_phase_scheduler_proto.py,25,3,baseline_torque_generation; contact_gait_state; swing_leg_pd,swing_patch_point,1
scripts/stage15_10_validate_mujoco_torque_smoke_policy_comparison.py,24,7,baseline_torque_generation; candidate_scale_or_blending; control_mode_or_runner_args; mpc_wbc_candidate_torque; mujoco_torque_write_or_step; safety_filter_or_saturation; state_reading_mapping,candidate_controller_patch_point,3
scripts/stage15_9_validate_mujoco_jtf_candidate_injection.py,24,9,baseline_torque_generation; candidate_scale_or_blending; control_mode_or_runner_args; mpc_wbc_candidate_torque; mujoco_torque_write_or_step; pinocchio_kinematics_dynamics; qp_osqp_solve_path; safety_filter_or_saturation; state_reading_mapping,candidate_controller_patch_point,3
scripts/stage00_inspect_go1_model.py,23,5,control_mode_or_runner_args; mpc_wbc_candidate_torque; mujoco_torque_write_or_step; qp_osqp_solve_path; state_reading_mapping,candidate_controller_patch_point,2
scripts/stage13_4b_report_ready_package_manifest_freeze.py,23,6,baseline_torque_generation; candidate_scale_or_blending; control_mode_or_runner_args; mujoco_torque_write_or_step; qp_osqp_solve_path; state_reading_mapping,candidate_controller_patch_point,2
scripts/stage15_7_validate_mujoco_candidate_compatibility_audit.py,23,9,baseline_torque_generation; candidate_scale_or_blending; control_mode_or_runner_args; mpc_wbc_candidate_torque; mujoco_torque_write_or_step; pinocchio_kinematics_dynamics; qp_osqp_solve_path; safety_filter_or_saturation; state_reading_mapping,candidate_controller_patch_point,3
scripts/stage23_0_validate_perturbation_observability_roadmap.py,23,6,baseline_torque_generation; candidate_scale_or_blending; mpc_wbc_candidate_torque; mujoco_torque_write_or_step; qp_osqp_solve_path; state_reading_mapping,candidate_controller_patch_point,3
scripts/stage24_0_validate_short_horizon_metric_roadmap.py,23,5,baseline_torque_generation; candidate_scale_or_blending; mpc_wbc_candidate_torque; qp_osqp_solve_path; state_reading_mapping,candidate_controller_patch_point,2
ros2_ws/src/robot_mpc_wbc_cpp_controller/src/torque_safety_contract_check.cpp,20,3,mpc_wbc_candidate_torque; safety_filter_or_saturation; state_reading_mapping,candidate_controller_patch_point,1
scripts/stage15_8_validate_mujoco_torque_smoke_test.py,20,7,baseline_torque_generation; candidate_scale_or_blending; control_mode_or_runner_args; mujoco_torque_write_or_step; pinocchio_kinematics_dynamics; safety_filter_or_saturation; state_reading_mapping,candidate_controller_patch_point,2
scripts/stage16_4_validate_readme_rewrite.py,20,7,baseline_torque_generation; candidate_scale_or_blending; control_mode_or_runner_args; mpc_wbc_candidate_torque; pinocchio_kinematics_dynamics; qp_osqp_solve_path; state_reading_mapping,candidate_controller_patch_point,2
scripts/stage20_0_validate_recommended_scale_reproducibility_roadmap.py,20,7,baseline_torque_generation; candidate_scale_or_blending; control_mode_or_runner_args; mpc_wbc_candidate_torque; qp_osqp_solve_path; safety_filter_or_saturation; state_reading_mapping,candidate_controller_patch_point,2
scripts/stage08_adapter_backed_stage07_recommended_test.py,19,6,baseline_torque_generation; contact_gait_state; mpc_wbc_candidate_torque; qp_osqp_solve_path; state_reading_mapping; swing_leg_pd,qp_patch_point,2
scripts/stage14_4e_validate_entry_docs.py,19,6,baseline_torque_generation; candidate_scale_or_blending; contact_gait_state; control_mode_or_runner_args; mpc_wbc_candidate_torque; state_reading_mapping,candidate_controller_patch_point,2
ros2_ws/src/robot_mpc_wbc_cpp_controller/src/control/torque_safety_filter.cpp,17,3,mpc_wbc_candidate_torque; safety_filter_or_saturation; state_reading_mapping,candidate_controller_patch_point,1
scripts/stage07_contact_mode_transition_check.py,17,5,baseline_torque_generation; candidate_scale_or_blending; contact_gait_state; mpc_wbc_candidate_torque; qp_osqp_solve_path,candidate_controller_patch_point,2
scripts/stage15_5_validate_model_readiness_audit.py,17,6,baseline_torque_generation; candidate_scale_or_blending; control_mode_or_runner_args; mpc_wbc_candidate_torque; pinocchio_kinematics_dynamics; state_reading_mapping,candidate_controller_patch_point,2
scripts/stage21_0_validate_local_robustness_roadmap.py,17,6,baseline_torque_generation; candidate_scale_or_blending; mpc_wbc_candidate_torque; qp_osqp_solve_path; safety_filter_or_saturation; state_reading_mapping,candidate_controller_patch_point,2
ros2_ws/src/robot_mpc_wbc_cpp_controller/src/zero_torque_dry_run_contract_check.cpp,16,2,mpc_wbc_candidate_torque; state_reading_mapping,candidate_controller_patch_point,1
scripts/stage07_contact_mode_torque_ramp_check.py,16,5,baseline_torque_generation; candidate_scale_or_blending; contact_gait_state; mpc_wbc_candidate_torque; qp_osqp_solve_path,candidate_controller_patch_point,2
scripts/stage12_20b_apply_bounded_continuous_streaming_patch.py,16,5,baseline_torque_generation; control_mode_or_runner_args; mpc_wbc_candidate_torque; safety_filter_or_saturation; state_reading_mapping,candidate_controller_patch_point,1
scripts/stage16_2_generate_artifact_index.py,16,5,baseline_torque_generation; control_mode_or_runner_args; mpc_wbc_candidate_torque; qp_osqp_solve_path; state_reading_mapping,qp_patch_point,2
scripts/stage18_0_validate_velocity_tracking_roadmap.py,16,5,baseline_torque_generation; control_mode_or_runner_args; mpc_wbc_candidate_torque; qp_osqp_solve_path; state_reading_mapping,qp_patch_point,2
scripts/stage22_0_validate_observable_perturbation_roadmap.py,16,6,baseline_torque_generation; candidate_scale_or_blending; mpc_wbc_candidate_torque; qp_osqp_solve_path; safety_filter_or_saturation; state_reading_mapping,candidate_controller_patch_point,2
install/robot_mpc_wbc_cpp_controller/include/robot_mpc_wbc_cpp_controller/control/gait_scheduler.hpp,15,3,contact_gait_state; mpc_wbc_candidate_torque; state_reading_mapping,candidate_controller_patch_point,1
ros2_ws/install/robot_mpc_wbc_cpp_controller/include/robot_mpc_wbc_cpp_controller/control/gait_scheduler.hpp,15,3,contact_gait_state; mpc_wbc_candidate_torque; state_reading_mapping,candidate_controller_patch_point,1
ros2_ws/src/robot_mpc_wbc_cpp_controller/include/robot_mpc_wbc_cpp_controller/control/gait_scheduler.hpp,15,3,contact_gait_state; mpc_wbc_candidate_torque; state_reading_mapping,candidate_controller_patch_point,1
scripts/stage12_21_r2b_robust_subscriber_warmup_rerun.py,15,4,baseline_torque_generation; mpc_wbc_candidate_torque; safety_filter_or_saturation; state_reading_mapping,candidate_controller_patch_point,1
scripts/stage12_20e_final_evidence_freeze.py,14,6,baseline_torque_generation; candidate_scale_or_blending; control_mode_or_runner_args; mpc_wbc_candidate_torque; safety_filter_or_saturation; state_reading_mapping,candidate_controller_patch_point,2
scripts/stage12_21_freeze_and_regression_check.py,14,6,baseline_torque_generation; candidate_scale_or_blending; control_mode_or_runner_args; mpc_wbc_candidate_torque; safety_filter_or_saturation; state_reading_mapping,candidate_controller_patch_point,2
scripts/stage12_21_r3_final_repaired_freeze_summary.py,14,8,baseline_torque_generation; candidate_scale_or_blending; control_mode_or_runner_args; mpc_wbc_candidate_torque; mujoco_torque_write_or_step; qp_osqp_solve_path; safety_filter_or_saturation; state_reading_mapping,candidate_controller_patch_point,3
scripts/stage14_3_integrate_cpp_control_tests_colcon.py,14,6,baseline_torque_generation; contact_gait_state; mpc_wbc_candidate_torque; safety_filter_or_saturation; state_reading_mapping; swing_leg_pd,candidate_controller_patch_point,1
scripts/stage02_inspect_pinocchio_model.py,13,3,control_mode_or_runner_args; mpc_wbc_candidate_torque; pinocchio_kinematics_dynamics,candidate_controller_patch_point,1
ros2_ws/src/robot_mpc_wbc_cpp_controller/src/control/swing_trajectory.cpp,12,4,contact_gait_state; mpc_wbc_candidate_torque; state_reading_mapping; swing_leg_pd,candidate_controller_patch_point,1
scripts/stage15_11_validate_stage15_summary_report.py,12,3,baseline_torque_generation; control_mode_or_runner_args; mpc_wbc_candidate_torque,candidate_controller_patch_point,1
install/robot_mpc_wbc_cpp_controller/include/robot_mpc_wbc_cpp_controller/torque_safety.hpp,10,2,mpc_wbc_candidate_torque; state_reading_mapping,candidate_controller_patch_point,1
ros2_ws/install/robot_mpc_wbc_cpp_controller/include/robot_mpc_wbc_cpp_controller/torque_safety.hpp,10,2,mpc_wbc_candidate_torque; state_reading_mapping,candidate_controller_patch_point,1
ros2_ws/src/robot_mpc_wbc_cpp_controller/include/robot_mpc_wbc_cpp_controller/torque_safety.hpp,10,2,mpc_wbc_candidate_torque; state_reading_mapping,candidate_controller_patch_point,1
scripts/stage16_1_validate_public_docs_sync.py,10,5,baseline_torque_generation; control_mode_or_runner_args; mpc_wbc_candidate_torque; pinocchio_kinematics_dynamics; qp_osqp_solve_path,qp_patch_point,2
scripts/stage02_compare_joint_order.py,9,3,pinocchio_kinematics_dynamics; qp_osqp_solve_path; state_reading_mapping,qp_patch_point,1
install/robot_mpc_wbc_cpp_controller/include/robot_mpc_wbc_cpp_controller/control/torque_safety_filter.hpp,8,3,mpc_wbc_candidate_torque; safety_filter_or_saturation; state_reading_mapping,candidate_controller_patch_point,1
ros2_ws/install/robot_mpc_wbc_cpp_controller/include/robot_mpc_wbc_cpp_controller/control/torque_safety_filter.hpp,8,3,mpc_wbc_candidate_torque; safety_filter_or_saturation; state_reading_mapping,candidate_controller_patch_point,1
ros2_ws/src/robot_mpc_wbc_cpp_controller/include/robot_mpc_wbc_cpp_controller/control/torque_safety_filter.hpp,8,3,mpc_wbc_candidate_torque; safety_filter_or_saturation; state_reading_mapping,candidate_controller_patch_point,1
scripts/stage16_2_validate_artifact_index.py,8,3,baseline_torque_generation; control_mode_or_runner_args; qp_osqp_solve_path,runner_arg_patch_point,1
install/robot_mpc_wbc_cpp_controller/include/robot_mpc_wbc_cpp_controller/control/swing_trajectory.hpp,7,4,contact_gait_state; mpc_wbc_candidate_torque; state_reading_mapping; swing_leg_pd,candidate_controller_patch_point,1
ros2_ws/install/robot_mpc_wbc_cpp_controller/include/robot_mpc_wbc_cpp_controller/control/swing_trajectory.hpp,7,4,contact_gait_state; mpc_wbc_candidate_torque; state_reading_mapping; swing_leg_pd,candidate_controller_patch_point,1
ros2_ws/src/robot_mpc_wbc_cpp_controller/include/robot_mpc_wbc_cpp_controller/control/swing_trajectory.hpp,7,4,contact_gait_state; mpc_wbc_candidate_torque; state_reading_mapping; swing_leg_pd,candidate_controller_patch_point,1
scripts/stage07_swing_joint_target_sequence.py,7,4,baseline_torque_generation; contact_gait_state; qp_osqp_solve_path; swing_leg_pd,swing_patch_point,1
scripts/stage12_20b_r1_source_structure_inspection.py,7,3,baseline_torque_generation; mpc_wbc_candidate_torque; state_reading_mapping,candidate_controller_patch_point,1
scripts/stage12_20b_r3_repair_helper_call_args.py,6,4,baseline_torque_generation; mpc_wbc_candidate_torque; safety_filter_or_saturation; state_reading_mapping,candidate_controller_patch_point,1
scripts/stage12_20a_source_anchor_inspection.py,5,3,baseline_torque_generation; mpc_wbc_candidate_torque; state_reading_mapping,candidate_controller_patch_point,1
scripts/stage12_21_r1_inspect_bounded_streaming_failure.py,5,3,baseline_torque_generation; safety_filter_or_saturation; state_reading_mapping,safety_patch_point,1
install/robot_mpc_wbc_cpp_controller/include/robot_mpc_wbc_cpp_controller/zero_torque_dry_run.hpp,4,2,mpc_wbc_candidate_torque; state_reading_mapping,candidate_controller_patch_point,1
install/robot_mpc_wbc_cpp_controller/share/robot_mpc_wbc_cpp_controller/launch/disabled_controller.launch.py,4,2,mpc_wbc_candidate_torque; state_reading_mapping,candidate_controller_patch_point,1
ros2_ws/install/robot_mpc_wbc_cpp_controller/include/robot_mpc_wbc_cpp_controller/zero_torque_dry_run.hpp,4,2,mpc_wbc_candidate_torque; state_reading_mapping,candidate_controller_patch_point,1
ros2_ws/install/robot_mpc_wbc_cpp_controller/share/robot_mpc_wbc_cpp_controller/launch/disabled_controller.launch.py,4,2,mpc_wbc_candidate_torque; state_reading_mapping,candidate_controller_patch_point,1
ros2_ws/src/robot_mpc_wbc_cpp_controller/include/robot_mpc_wbc_cpp_controller/zero_torque_dry_run.hpp,4,2,mpc_wbc_candidate_torque; state_reading_mapping,candidate_controller_patch_point,1
ros2_ws/src/robot_mpc_wbc_cpp_controller/launch/disabled_controller.launch.py,4,2,mpc_wbc_candidate_torque; state_reading_mapping,candidate_controller_patch_point,1
scripts/stage07_full_wbc_torque_ramp_check.py,4,2,baseline_torque_generation; mpc_wbc_candidate_torque,candidate_controller_patch_point,1
scripts/stage12_20d_r1_reparse_existing_evidence.py,4,3,baseline_torque_generation; safety_filter_or_saturation; state_reading_mapping,safety_patch_point,1
scripts/stage12_21_r2c_capture_failure_inspection.py,4,2,baseline_torque_generation; safety_filter_or_saturation,safety_patch_point,1
ros2_ws/build/robot_mpc_wbc_bridge/launch/mujoco_bridge.launch.py,3,2,mpc_wbc_candidate_torque; state_reading_mapping,candidate_controller_patch_point,1
ros2_ws/build/robot_mpc_wbc_bridge/setup.py,3,1,mpc_wbc_candidate_torque,candidate_controller_patch_point,1
ros2_ws/install/robot_mpc_wbc_bridge/share/robot_mpc_wbc_bridge/launch/mujoco_bridge.launch.py,3,2,mpc_wbc_candidate_torque; state_reading_mapping,candidate_controller_patch_point,1
ros2_ws/src/robot_mpc_wbc_bridge/launch/mujoco_bridge.launch.py,3,2,mpc_wbc_candidate_torque; state_reading_mapping,candidate_controller_patch_point,1
ros2_ws/src/robot_mpc_wbc_bridge/setup.py,3,1,mpc_wbc_candidate_torque,candidate_controller_patch_point,1
scripts/stage12_21_r2d_repair_capture_helper_and_rerun.py,3,2,baseline_torque_generation; safety_filter_or_saturation,safety_patch_point,1
build/robot_mpc_wbc_cpp_controller/CMakeFiles/3.28.3/CompilerIdCXX/CMakeCXXCompilerId.cpp,1,1,candidate_scale_or_blending,candidate_controller_patch_point,1
ros2_ws/build/robot_mpc_wbc_bridge/prefix_override/sitecustomize.py,1,1,mpc_wbc_candidate_torque,candidate_controller_patch_point,1
ros2_ws/build/robot_mpc_wbc_cpp_controller/CMakeFiles/3.28.3/CompilerIdCXX/CMakeCXXCompilerId.cpp,1,1,candidate_scale_or_blending,candidate_controller_patch_point,1
ros2_ws/build/robot_mpc_wbc_cpp_interface/CMakeFiles/3.28.3/CompilerIdCXX/CMakeCXXCompilerId.cpp,1,1,candidate_scale_or_blending,candidate_controller_patch_point,1
ros2_ws/install/robot_mpc_wbc_cpp_interface/share/robot_mpc_wbc_cpp_interface/launch/interface_mirror.launch.py,1,1,mpc_wbc_candidate_torque,candidate_controller_patch_point,1
ros2_ws/src/robot_mpc_wbc_cpp_interface/launch/interface_mirror.launch.py,1,1,mpc_wbc_candidate_torque,candidate_controller_patch_point,1
scripts/common/__init__.py,1,1,mpc_wbc_candidate_torque,candidate_controller_patch_point,1
